FILENAME,URL,URLLength,Domain,DomainLength,IsDomainIP,TLD,URLSimilarityIndex,CharContinuationRate,TLDLegitimateProb,URLCharProb,TLDLength,NoOfSubDomain,HasObfuscation,NoOfObfuscatedChar,ObfuscationRatio,NoOfLettersInURL,LetterRatioInURL,NoOfDegitsInURL,DegitRatioInURL,NoOfEqualsInURL,NoOfQMarkInURL,NoOfAmpersandInURL,NoOfOtherSpecialCharsInURL,SpacialCharRatioInURL,IsHTTPS,LineOfCode,LargestLineLength,HasTitle,Title,DomainTitleMatchScore,URLTitleMatchScore,HasFavicon,Robots,IsResponsive,NoOfURLRedirect,NoOfSelfRedirect,HasDescription,NoOfPopup,NoOfiFrame,HasExternalFormSubmit,HasSocialNet,HasSubmitButton,HasHiddenFields,HasPasswordField,Bank,Pay,Crypto,HasCopyrightInfo,NoOfImage,NoOfCSS,NoOfJS,NoOfSelfRef,NoOfEmptyRef,NoOfExternalRef,label
498252.txt,https://www.isuog.org,20,www.isuog.org,13,0,org,100,1,0.0799628,0.063697057,3,1,0,0,0,7,0.35,0,0,0,0,0,1,0.05,1,1374,915,1,isuog,100,100,1,1,1,0,0,1,0,2,0,1,1,1,0,0,0,0,1,18,11,14,101,1,92,1
119682.txt,https://www.hostmaster.ua,24,www.hostmaster.ua,17,0,ua,100,1,0.0023239,0.061301406,2,1,0,0,0,11,0.458,0,0,0,0,0,1,0.042,1,312,157,1,hostmaster,100,100,1,0,1,0,0,1,0,0,0,0,1,1,0,0,0,0,1,13,4,2,37,0,9,1
628494.txt,https://www.bigconstrutora.com.br,32,www.bigconstrutora.com.br,25,0,br,100,0.833333333,0.0094423,0.061808105,2,2,0,0,0,18,0.562,0,0,0,0,0,2,0.062,1,890,186,1,igconstrutoracom,0,0,1,0,0,1,0,1,0,3,0,1,1,0,0,0,0,0,1,31,36,13,42,0,11,1
892196.txt,https://www.iain-ternate.ac.id,29,www.iain-ternate.ac.id,22,0,id,100,0.533333333,0.0014653,0.069546984,2,2,0,0,0,14,0.483,0,0,0,0,0,3,0.103,1,743,419,1,an-ternateac,0,0,0,1,1,0,0,1,0,0,0,1,0,0,0,0,0,0,1,18,6,11,0,1,54,1
mw66913.txt,http://www.l3a40b16a45b1120615b5d1cc655d7da4a.ws,47,www.l3a40b16a45b1120615b5d1cc655d7da4a.ws,41,0,ws,16.60066895,0.264705882,0.0003477,0.020334595,2,1,0,0,0,14,0.298,21,0.447,0,0,0,1,0.021,0,13,244,1,l3a40b16a45b1120615b5d1cc655d7da4a,100,100,0,0,1,0,0,0,0,0,0,0,0,0,0,0,0,0,0,0,0,0,0,0,1,0
427197.txt,https://www.colorii.com,22,www.colorii.com,15,0,com,100,1,0.5229071,0.076037047,3,1,0,0,0,9,0.409,0,0,0,0,0,1,0.045,1,1395,1807,1,lorii,71.42857143,71.42857143,1,1,1,1,0,1,0,3,0,1,1,1,0,0,1,0,1,25,11,25,79,3,89,1
mw15920.txt,http://www.pwuxmeudaj.cf,23,www.pwuxmeudaj.cf,17,0,cf,47.33727811,1,0.0001858,0.040425608,2,1,0,0,0,11,0.478,0,0,0,0,0,1,0.043,0,20,210,1,pwuxmeudaj,100,100,0,0,0,1,1,0,0,0,0,0,0,0,0,0,0,0,0,0,0,0,0,0,0,0
156188.txt,https://www.elcalifa.com.mx,26,www.elcalifa.com.mx,19,0,mx,100,0.75,0.0017218,0.065653355,2,2,0,0,0,12,0.462,0,0,0,0,0,2,0.077,1,7254,2088,1,elcalifaco,0,0,1,0,1,1,0,0,9,2,0,1,1,0,0,0,1,0,1,41,16,40,43,28,15,1
464697.txt,https://www.art-it.asia,22,www.art-it.asia,15,0,asia,100,0.666666667,0.0002355,0.064677774,4,1,0,0,0,8,0.364,0,0,0,0,0,2,0.091,1,1581,1931,1,art-it,100,100,0,0,1,0,0,1,0,1,0,1,1,0,0,0,0,0,1,63,15,22,212,0,216,1
8048476.txt,http://forcedie17.temp.swtest.ru/postounatou/postounatou/post/login/login.php,77,forcedie17.temp.swtest.ru,25,0,ru,14.57430296,0.5,0.0180132,0.056989683,2,2,0,0,0,59,0.766,2,0.026,0,0,0,9,0.117,0,183,727,1,forcedie17tempswtestpostounatoupostounatoupostloginloginphp,0,0,1,1,1,0,0,0,0,0,0,0,1,1,1,0,0,0,0,10,4,5,0,0,0,0
30718.txt,https://www.apptha.com,21,www.apptha.com,14,0,com,100,1,0.5229071,0.058382725,3,1,0,0,0,8,0.381,0,0,0,0,0,1,0.048,1,432,1553,1,apptha,100,100,1,1,0,0,0,1,0,4,0,1,1,0,0,0,1,0,1,3,2,6,50,2,62,1
603896.txt,https://www.zomoplus.store,25,www.zomoplus.store,18,0,store,100,1,0.0003212,0.058490239,5,1,0,0,0,12,0.48,0,0,0,0,0,1,0.04,1,1794,2679,1,zomoplus,100,100,0,0,1,0,0,1,0,19,0,1,1,1,1,1,1,0,1,21,36,18,80,0,39,1
521213.txt,https://www.drskinhealth.com,27,www.drskinhealth.com,20,0,com,100,1,0.5229071,0.055469139,3,1,0,0,0,14,0.519,0,0,0,0,0,1,0.037,1,2341,16460,1,drskinhealth,100,100,1,0,1,0,0,1,0,2,0,1,1,0,0,0,1,0,1,23,6,18,52,3,19,1
mw56125.txt,http://www.sebastians.cf,23,www.sebastians.cf,17,0,cf,87.34693878,1,0.0001858,0.062814806,2,1,0,0,0,11,0.478,0,0,0,0,0,1,0.043,0,20,211,1,sebastians,100,100,0,0,0,1,1,0,0,0,0,0,0,0,0,0,0,0,0,0,0,0,0,0,0,0
534254.txt,https://www.lovebeehive.com,26,www.lovebeehive.com,19,0,com,100,1,0.5229071,0.06233847,3,1,0,0,0,13,0.5,0,0,0,0,0,1,0.038,1,2654,3979,1,lovebeehive,100,100,1,0,1,0,0,1,0,19,0,1,1,1,1,1,1,0,1,91,4,18,83,5,18,1
8053155.txt,https://acesseonline-fevereiro.net/luiza/?userid=&uri=atzkkwfy5s23fyuju9p+tmvfudyjnultmi2mrlcv9tg=,98,acesseonline-fevereiro.net,26,0,net,13.5341202,0.590909091,0.0384199,0.045335591,3,0,0,0,0,74,0.755,6,0.061,3,1,0,6,0.102,1,2,106,0,0,0,0,0,0,0,0,0,0,0,0,0,0,0,0,0,0,0,0,0,0,0,0,0,0,0,0
160239.txt,https://www.cieletespace.fr,26,www.cieletespace.fr,19,0,fr,100,1,0.0141483,0.064760075,2,1,0,0,0,13,0.5,0,0,0,0,0,1,0.038,1,642,417,1,cieletespace,100,100,1,1,1,0,0,1,2,0,1,1,1,1,0,0,1,0,1,22,4,11,47,4,62,1
534277.txt,https://www.nataschavonhirschhausen.com,38,www.nataschavonhirschhausen.com,31,0,com,100,1,0.5229071,0.059879769,3,1,0,0,0,25,0.658,0,0,0,0,0,1,0.026,1,2722,9379,1,nataschavonhirschhausen,100,100,0,0,1,0,0,1,0,20,0,1,1,1,1,1,1,0,1,120,4,19,175,0,510,1
629945.txt,https://www.borizcustomsportsjerseys.com,39,www.borizcustomsportsjerseys.com,32,0,com,100,1,0.5229071,0.059137082,3,1,0,0,0,26,0.667,0,0,0,0,0,1,0.026,1,663,424,1,borizcustomsportsjerseys,100,100,0,1,1,1,0,1,1,0,0,1,1,0,1,0,1,0,1,6,13,20,65,0,43,1
768783.txt,https://www.virtualcohen.com,27,www.virtualcohen.com,20,0,com,100,1,0.5229071,0.062070551,3,1,0,0,0,14,0.519,0,0,0,0,0,1,0.037,1,393,2005,1,virtualhen,0,0,0,1,0,1,0,0,0,0,0,0,1,1,0,0,0,0,1,4,1,2,7,0,1,1
440099.txt,https://www.smujo.id,19,www.smujo.id,12,0,id,100,1,0.0014653,0.053423702,2,1,0,0,0,6,0.316,0,0,0,0,0,1,0.053,1,570,773,1,smujo,100,100,0,0,1,0,0,0,0,0,1,0,1,0,0,0,0,0,1,22,0,1,60,0,72,1
8020794.txt,http://otwtmbrotq.duckdns.org,28,otwtmbrotq.duckdns.org,22,0,org,41.10671937,0.611111111,0.0799628,0.051978489,3,1,0,0,0,19,0.679,0,0,0,0,0,2,0.071,0,2,37,0,0,0,0,0,0,0,0,0,0,0,0,0,0,0,0,0,0,0,0,0,0,0,0,0,0,0,0
579157.txt,https://www.ecseonline.com,25,www.ecseonline.com,18,0,com,100,1,0.5229071,0.074663503,3,1,0,0,0,12,0.48,0,0,0,0,0,1,0.04,1,1185,9614,1,ecseonline,100,100,0,1,1,0,0,0,0,0,0,1,1,1,1,1,1,0,0,38,22,31,132,1,108,1
774906.txt,https://www.kerstopkeukenhof.nl,30,www.kerstopkeukenhof.nl,23,0,nl,100,1,0.0082003,0.053215869,2,1,0,0,0,17,0.567,0,0,0,0,0,1,0.033,1,297,765,1,kerstopkeukehof,0,0,0,0,1,0,0,1,0,0,0,0,0,0,0,0,0,0,1,4,2,7,2,0,3,1
39890.txt,https://www.wp-amazon-plugin.com,31,www.wp-amazon-plugin.com,24,0,com,100,0.4375,0.5229071,0.053092883,3,1,0,0,0,16,0.516,0,0,0,0,0,3,0.097,1,1219,12649,1,wp-amazon-plugin,100,100,0,1,1,0,0,1,0,3,0,1,1,1,0,0,1,0,1,18,3,30,105,11,115,1
228863.txt,https://www.acc.co.nz,20,www.acc.co.nz,13,0,nz,100,0.666666667,0.0019933,0.076658631,2,2,0,0,0,6,0.3,0,0,0,0,0,2,0.1,1,2541,445,1,accco,0,0,1,0,1,0,0,1,0,4,0,1,1,1,0,0,1,0,1,15,2,14,209,0,8,1
382828.txt,https://www.noticiasdealava.eus,30,www.noticiasdealava.eus,23,0,eus,100,1,0.0001069,0.06417545,3,1,0,0,0,17,0.567,0,0,0,0,0,1,0.033,1,15442,15789,1,noticiasdealava,100,100,0,0,1,0,0,0,0,2,0,1,0,0,0,1,1,0,1,438,6,13,719,0,375,1
244849.txt,https://www.enerjoy.life,23,www.enerjoy.life,16,0,life,100,1,0.0002548,0.054130147,4,1,0,0,0,10,0.435,0,0,0,0,0,1,0.043,1,849,1820,1,enerjoy,100,100,0,1,1,0,0,1,0,0,0,0,0,1,0,0,0,0,1,28,21,24,37,0,45,1
709017.txt,https://www.qatargenome.org.qa,29,www.qatargenome.org.qa,22,0,qa,100,0.8,0.0000608,0.060330773,2,2,0,0,0,15,0.517,0,0,0,0,0,2,0.069,1,2124,854,1,atargenomeorg,0,0,1,0,1,0,0,0,0,7,0,1,1,1,0,1,0,0,1,94,2,1,115,6,8,1
31713.txt,https://www.idigbio.org,22,www.idigbio.org,15,0,org,100,1,0.0799628,0.059766578,3,1,0,0,0,9,0.409,0,0,0,0,0,1,0.045,1,711,7533,1,idigbio,100,100,0,0,1,0,0,0,1,0,0,1,1,1,1,0,0,0,1,44,49,29,56,0,22,1
95918.txt,https://www.energy-community.org,31,www.energy-community.org,24,0,org,100,0.625,0.0799628,0.060297592,3,1,0,0,0,17,0.548,0,0,0,0,0,2,0.065,1,3776,1103,1,energy-community,100,100,1,1,1,0,0,1,0,0,0,1,1,1,0,0,0,0,1,45,1,20,171,75,11,1
870951.txt,https://www.tcdsu.org,20,www.tcdsu.org,13,0,org,100,1,0.0799628,0.058571081,3,1,0,0,0,7,0.35,0,0,0,0,0,1,0.05,1,1029,2517,1,tcdsu,100,100,1,0,1,0,0,0,0,0,0,1,0,1,0,1,0,0,1,18,5,15,91,4,29,1
805256.txt,https://www.biomagazin.de,24,www.biomagazin.de,17,0,de,100,1,0.0326503,0.054307626,2,1,0,0,0,11,0.458,0,0,0,0,0,1,0.042,1,2414,1592,1,biomagazin,100,100,1,1,1,0,0,1,0,0,0,1,1,0,0,0,0,0,1,50,3,3,172,19,34,1
7994845.txt,https://att-104569.weeblysite.com/,33,att-104569.weeblysite.com,25,0,com,66.69538462,0.80952381,0.5229071,0.044014391,3,1,0,0,0,16,0.485,6,0.182,0,0,0,3,0.091,1,13,101,1,att-104569weeblysite,0,0,0,0,0,1,0,0,0,0,0,0,0,0,0,0,0,0,0,0,0,0,0,0,1,0
696552.txt,https://www.interislander.co.nz,30,www.interislander.co.nz,23,0,nz,100,0.875,0.0019933,0.065186719,2,2,0,0,0,16,0.533,0,0,0,0,0,2,0.067,1,1832,480,1,iterisladerco,0,0,1,0,1,0,0,0,0,2,0,1,1,0,0,0,1,0,1,38,3,7,105,0,21,1
177967.txt,https://www.reflectionofsanity.com,33,www.reflectionofsanity.com,26,0,com,100,1,0.5229071,0.063444615,3,1,0,0,0,20,0.606,0,0,0,0,0,1,0.03,1,2614,7353,1,reflectionofsanity,100,100,1,0,0,0,0,0,7,3,0,0,1,1,0,0,0,0,1,33,7,18,119,1,138,1
126584.txt,https://www.fernandoalonso.com,29,www.fernandoalonso.com,22,0,com,100,1,0.5229071,0.069572626,3,1,0,0,0,16,0.552,0,0,0,0,0,1,0.034,1,638,2562,1,fernandoalonso,100,100,0,0,1,0,0,1,0,0,0,1,0,1,0,0,0,0,1,27,11,13,46,1,55,1
145712.txt,https://www.acsa-arch.org,24,www.acsa-arch.org,17,0,org,100,0.555555556,0.0799628,0.069624891,3,1,0,0,0,10,0.417,0,0,0,0,0,2,0.083,1,1863,9381,1,acsa-arch,100,100,0,1,1,0,0,1,0,5,0,1,1,1,0,0,0,0,1,72,34,53,161,0,198,1
717767.txt,https://www.southlandcasino.com,30,www.southlandcasino.com,23,0,com,100,1,0.5229071,0.064075127,3,1,0,0,0,17,0.567,0,0,0,0,0,1,0.033,1,1122,1903,1,southlandcasino,100,100,1,0,1,0,0,1,0,2,0,1,1,1,0,1,1,0,1,110,3,4,99,0,22,1
521042.txt,https://www.7marvels.co.uk,25,www.7marvels.co.uk,18,0,uk,100,0.818181818,0.028555,0.055642237,2,2,0,0,0,10,0.4,1,0.04,0,0,0,2,0.08,1,2319,9381,1,7marvelsco,0,0,1,1,1,0,0,1,0,1,1,1,1,1,1,0,1,0,1,49,8,47,149,2,144,1
88425.txt,https://www.secrethitler.com,27,www.secrethitler.com,20,0,com,100,1,0.5229071,0.066898846,3,1,0,0,0,14,0.519,0,0,0,0,0,1,0.037,1,10022,2121,1,secrethitler,100,100,1,0,1,0,0,1,0,1,0,0,0,0,0,1,0,0,1,3,1,4,1,0,0,1
8028520.txt,https://perte-dimension.web.app/,31,perte-dimension.web.app,23,0,app,60.36546944,0.526315789,0.001502,0.057849216,3,1,0,0,0,20,0.645,0,0,0,0,0,3,0.097,1,108,8125,1,perte-dimensionweb,0,0,0,0,1,0,0,0,0,0,0,0,0,0,0,0,0,0,0,0,0,0,0,0,3,0
781104.txt,https://www.groupfacilitation.net,32,www.groupfacilitation.net,25,0,net,100,1,0.0384199,0.060530096,3,1,0,0,0,19,0.594,0,0,0,0,0,1,0.031,1,244,1074,1,groupfacilitation,100,100,1,0,0,0,0,1,0,0,0,1,0,0,0,0,0,0,0,8,0,2,1,0,5,1
899970.txt,https://www.kiteman.co.uk,24,www.kiteman.co.uk,17,0,uk,100,0.8,0.028555,0.06317411,2,2,0,0,0,10,0.417,0,0,0,0,0,2,0.083,1,758,399,1,kitemanco,0,0,0,0,1,0,0,1,0,0,0,0,0,0,0,1,0,0,1,10,6,11,35,2,1,1
561670.txt,https://www.libertarian.ca,25,www.libertarian.ca,18,0,ca,100,1,0.0101825,0.062872535,2,1,0,0,0,12,0.48,0,0,0,0,0,1,0.04,1,6816,1557,1,libertarian,100,100,1,0,1,1,0,0,0,3,0,1,0,0,0,0,1,0,0,6,1,14,70,0,12,1
15288.txt,https://www.gumtree.com.au,25,www.gumtree.com.au,18,0,au,100,0.727272727,0.0100856,0.066957378,2,2,0,0,0,11,0.44,0,0,0,0,0,2,0.08,1,8394,39134,1,gumtreecom,0,0,1,1,0,1,0,1,0,3,0,1,1,1,0,1,1,0,1,34,1,23,761,15,26,1
mw17646.txt,http://www.gmarket.system-ns.org,31,www.gmarket.system-ns.org,25,0,org,51.63883735,0.470588235,0.0799628,0.058998283,3,2,0,0,0,17,0.548,0,0,0,0,0,3,0.097,0,3,40,0,0,0,0,0,0,0,0,0,0,0,0,0,0,0,0,0,0,0,0,0,0,0,0,0,0,0,0
105348.txt,https://www.ichijinsha.co.jp,27,www.ichijinsha.co.jp,20,0,jp,100,0.846153846,0.0230451,0.053199965,2,2,0,0,0,13,0.481,0,0,0,0,0,2,0.074,1,591,344,1,ichiinshaco,0,0,0,0,1,1,0,1,1,0,0,0,0,0,0,0,0,0,0,36,5,8,48,0,50,1
136022.txt,https://www.ags.school.nz,24,www.ags.school.nz,17,0,nz,100,0.7,0.0019933,0.06228813,2,2,0,0,0,10,0.417,0,0,0,0,0,2,0.083,1,895,16245,1,agsschool,0,0,1,1,1,0,0,0,0,1,1,1,1,1,0,0,1,0,0,15,14,38,161,0,176,1
243970.txt,https://www.mapsalud.com,23,www.mapsalud.com,16,0,com,100,1,0.5229071,0.058543573,3,1,0,0,0,10,0.435,0,0,0,0,0,1,0.043,1,776,474,1,mapsalud,100,100,1,0,0,0,0,1,0,3,0,1,1,0,0,1,0,0,1,2,5,10,2,1,14,1
753375.txt,https://www.rakennuslehti.fi,27,www.rakennuslehti.fi,20,0,fi,100,1,0.0027596,0.052936489,2,1,0,0,0,14,0.519,0,0,0,0,0,1,0.037,1,9234,2571,1,rakennuslehti,100,100,1,0,1,0,0,1,0,3,0,1,1,1,1,0,0,0,0,150,2,8,1016,6,1015,1
236422.txt,https://www.psd-dude.com,23,www.psd-dude.com,16,0,com,100,0.625,0.5229071,0.051959848,3,1,0,0,0,9,0.391,0,0,0,0,0,2,0.087,1,644,1463,1,psd-dude,100,100,1,1,0,0,0,1,1,0,0,1,1,1,0,0,0,0,1,11,4,8,94,0,44,1
504954.txt,https://www.ihub-tansa.jaxa.jp,29,www.ihub-tansa.jaxa.jp,22,0,jp,100,0.4,0.0230451,0.046509561,2,2,0,0,0,14,0.483,0,0,0,0,0,3,0.103,1,451,384,1,ihub-tansaaxa,0,0,1,0,1,0,0,1,0,0,0,0,0,0,0,0,0,0,1,20,1,4,39,0,30,1
571378.txt,https://www.shoppersshop.com,27,www.shoppersshop.com,20,0,com,100,1,0.5229071,0.058644706,3,1,0,0,0,14,0.519,0,0,0,0,0,1,0.037,1,210,541,1,shoppersshop,100,100,0,0,1,0,0,1,0,0,0,1,0,0,0,1,0,0,1,4,1,6,54,0,59,1
818187.txt,https://www.extensionmethod.net,30,www.extensionmethod.net,23,0,net,100,1,0.0384199,0.063767167,3,1,0,0,0,17,0.567,0,0,0,0,0,1,0.033,1,1216,854,1,extensionmethod,100,100,1,1,1,0,0,1,0,0,0,0,0,0,0,0,0,0,1,1,2,0,207,0,2,1
693425.txt,https://www.ireallytrade.com,27,www.ireallytrade.com,20,0,com,100,1,0.5229071,0.06352436,3,1,0,0,0,14,0.519,0,0,0,0,0,1,0.037,1,357,1586,1,ireallytrade,100,100,1,1,1,0,0,1,0,2,0,1,1,1,0,0,0,0,1,27,4,9,40,5,9,1
432785.txt,https://www.broesels-buecherregal.de,35,www.broesels-buecherregal.de,28,0,de,100,0.619047619,0.0326503,0.059401794,2,1,0,0,0,21,0.6,0,0,0,0,0,2,0.057,1,982,9381,1,broesels-buecherregal,100,100,1,1,1,0,0,1,0,1,0,0,1,1,0,0,0,0,1,16,3,5,77,9,79,1
822659.txt,https://www.ijesc.org,20,www.ijesc.org,13,0,org,100,1,0.0799628,0.06448957,3,1,0,0,0,7,0.35,0,0,0,0,0,1,0.05,1,582,700,1,ijesc,100,100,0,0,1,0,0,1,0,0,0,0,0,0,0,0,1,0,1,18,4,10,52,1,60,1
412992.txt,https://www.grundeinkommen.ch,28,www.grundeinkommen.ch,21,0,ch,100,1,0.0049832,0.05880511,2,1,0,0,0,15,0.536,0,0,0,0,0,1,0.036,1,1308,8047,1,grundeinkommen,100,100,0,1,1,0,0,0,0,1,0,1,0,0,0,0,0,0,0,25,17,27,123,0,142,1
8005878.txt,https://btopenworldwebmailing.square.site/,41,btopenworldwebmailing.square.site,33,0,site,50.86695835,0.785714286,0.0017656,0.055099153,4,1,0,0,0,31,0.756,0,0,0,0,0,2,0.049,1,68,80,1,btopenworldwebmailingsquare,0,0,0,0,0,0,0,0,0,0,0,0,0,0,0,0,0,0,0,0,0,0,0,0,1,0
8021157.txt,https://visualize-detalhes-online.com/luiza/?userid=13&amp;uri=xudbvbjytdk,73,visualize-detalhes-online.com,29,0,com,26.19272782,0.4,0.5229071,0.048629017,3,0,0,0,0,53,0.726,2,0.027,2,1,0,7,0.137,1,90,394,1,visualize-detalhes-onlineluiza?userid=13&amp;uri=xudbvbjytd,0,98.33333333,0,1,1,0,0,0,0,0,0,0,1,1,0,0,0,0,0,0,2,0,2,0,2,0
597138.txt,https://www.rusticity.com,24,www.rusticity.com,17,0,com,100,1,0.5229071,0.058895576,3,1,0,0,0,11,0.458,0,0,0,0,0,1,0.042,1,3026,2675,1,rusticity,100,100,1,0,1,1,0,1,0,22,0,1,1,0,1,1,1,0,1,35,22,37,234,19,18,1
587304.txt,https://www.esurranty.com,24,www.esurranty.com,17,0,com,100,1,0.5229071,0.062196074,3,1,0,0,0,11,0.458,0,0,0,0,0,1,0.042,1,2351,19511,1,esurranty,100,100,0,0,1,1,0,1,0,0,0,1,1,1,0,0,1,0,1,13,17,13,92,18,91,1
587827.txt,https://www.hallekis.com,23,www.hallekis.com,16,0,com,100,1,0.5229071,0.059072935,3,1,0,0,0,10,0.435,0,0,0,0,0,1,0.043,1,1081,654,1,hallekis,100,100,0,0,0,0,0,1,0,0,0,1,0,0,0,1,0,0,1,218,2,5,0,0,28,1
mw65631.txt,http://www.fgurb.cannca.shop,27,www.fgurb.cannca.shop,21,0,shop,57.90080738,0.583333333,0.0004041,0.05467462,4,2,0,0,0,14,0.519,0,0,0,0,0,2,0.074,0,8,41,1,fgurbcannca,0,0,0,0,0,0,0,0,0,0,0,0,0,0,0,0,0,0,0,0,0,0,0,0,0,0
433055.txt,https://www.observatoryoc.com,28,www.observatoryoc.com,21,0,com,100,1,0.5229071,0.06722817,3,1,0,0,0,15,0.536,0,0,0,0,0,1,0.036,1,1867,1159,1,observatoryoc,100,100,0,0,1,0,0,0,0,6,0,1,1,1,0,0,1,0,1,16,13,45,47,0,22,1
554317.txt,https://www.creamwine.com,24,www.creamwine.com,17,0,com,100,1,0.5229071,0.069472147,3,1,0,0,0,11,0.458,0,0,0,0,0,1,0.042,1,248,456,1,creamwine,100,100,0,0,0,0,0,1,0,0,0,1,0,0,0,0,0,0,1,9,5,10,20,0,13,1
126893.txt,https://www.slow-journalism.com,30,www.slow-journalism.com,23,0,com,100,0.733333333,0.5229071,0.059473879,3,1,0,0,0,16,0.533,0,0,0,0,0,2,0.067,1,593,8047,1,slow-journalism,100,100,1,1,1,0,0,1,0,2,0,1,0,0,0,1,1,0,1,28,2,9,59,0,76,1
403739.txt,https://www.narcissisticabuserehab.com,37,www.narcissisticabuserehab.com,30,0,com,100,1,0.5229071,0.062288879,3,1,0,0,0,24,0.649,0,0,0,0,0,1,0.027,1,1397,9381,1,narcissisticabuserehab,100,100,0,1,1,0,0,0,0,0,0,1,1,1,0,0,0,0,1,32,9,25,121,1,138,1
125033.txt,https://www.mercatus.com,23,www.mercatus.com,16,0,com,100,1,0.5229071,0.068545766,3,1,0,0,0,10,0.435,0,0,0,0,0,1,0.043,1,768,9381,1,mercatus,100,100,1,1,1,0,0,1,0,9,0,1,0,1,0,0,0,0,1,14,5,17,72,0,75,1
630880.txt,https://www.dellsramada.com,26,www.dellsramada.com,19,0,com,100,1,0.5229071,0.064215317,3,1,0,0,0,13,0.5,0,0,0,0,0,1,0.038,1,1563,9381,1,dellsramada,100,100,1,1,1,0,0,1,0,0,0,1,1,1,1,0,0,0,1,18,9,14,44,12,48,1
45996.txt,https://www.zadar.hr,19,www.zadar.hr,12,0,hr,100,1,0.0005731,0.047339767,2,1,0,0,0,6,0.316,0,0,0,0,0,1,0.053,1,2435,15877,1,zadar,100,100,1,0,1,0,0,1,0,3,0,1,1,0,0,0,0,0,1,89,3,7,185,5,26,1
815789.txt,https://www.discovershelby.com,29,www.discovershelby.com,22,0,com,100,1,0.5229071,0.056891785,3,1,0,0,0,16,0.552,0,0,0,0,0,1,0.034,1,1992,1378,1,disvershelby,0,0,1,0,1,0,0,1,1,2,0,1,0,1,0,0,1,0,1,0,31,15,62,0,7,1
798744.txt,https://www.enowsoftware.com,27,www.enowsoftware.com,20,0,com,100,1,0.5229071,0.064817902,3,1,0,0,0,14,0.519,0,0,0,0,0,1,0.037,1,3651,2109,1,enowsoftware,100,100,0,0,1,0,0,1,0,1,0,1,1,1,1,0,0,0,1,12,4,14,54,0,61,1
254251.txt,https://www.securitywatchplatform.com,36,www.securitywatchplatform.com,29,0,com,100,1,0.5229071,0.0568937,3,1,0,0,0,23,0.639,0,0,0,0,0,1,0.028,1,1304,8047,1,securitywatchplatform,100,100,0,1,0,0,0,1,0,0,0,1,1,0,0,0,1,0,1,31,22,29,50,3,63,1
mw65458.txt,http://www.bsd.fbcode.co,23,www.bsd.fbcode.co,17,0,co,60.693153,0.7,0.0059772,0.051384722,2,2,0,0,0,10,0.435,0,0,0,0,0,2,0.087,0,8,41,1,bsdfbode,0,0,0,0,0,0,0,0,0,0,0,0,0,0,0,0,0,0,0,0,0,0,0,0,0,0
778213.txt,https://www.muas.cz,18,www.muas.cz,11,0,cz,100,1,0.0036307,0.060709258,2,1,0,0,0,5,0.278,0,0,0,0,0,1,0.056,1,783,2303,1,muas,100,100,1,0,1,0,0,0,0,2,0,1,1,1,0,0,0,0,0,2,3,10,33,0,27,1
14836.txt,https://www.pidgin.im,20,www.pidgin.im,13,0,im,100,1,0.0001564,0.047251445,2,1,0,0,0,7,0.35,0,0,0,0,0,1,0.05,1,826,272,1,pdgn,0,0,1,0,1,0,0,1,0,0,0,0,0,0,0,0,0,0,1,19,12,15,112,1,16,1
94098.txt,https://www.elron.ee,19,www.elron.ee,12,0,ee,100,1,0.0005336,0.0740037,2,1,0,0,0,6,0.316,0,0,0,0,0,1,0.053,1,931,2155,1,lron,80,80,1,0,1,0,0,0,0,1,0,1,1,1,0,0,0,0,0,4,2,6,49,0,6,1
476358.txt,https://www.bischberg.de,23,www.bischberg.de,16,0,de,100,1,0.0326503,0.047119913,2,1,0,0,0,10,0.435,0,0,0,0,0,1,0.043,1,449,5719,1,bischberg,100,100,0,0,1,0,0,1,0,0,0,1,1,0,0,0,0,0,0,14,13,6,45,0,26,1
mw75720.txt,http://www.stmfl.com,19,www.stmfl.com,13,0,com,75,1,0.5229071,0.057890536,3,1,0,0,0,7,0.368,0,0,0,0,0,1,0.053,0,2,28,0,0,0,0,0,0,0,0,0,0,0,0,0,0,0,0,0,0,0,0,0,0,0,0,0,0,0,0
mw193.txt,http://www.walemi.com,20,www.walemi.com,14,0,com,89.81818182,1,0.5229071,0.0656283,3,1,0,0,0,8,0.4,0,0,0,0,0,1,0.05,0,15,155,1,walemi,100,100,0,0,1,0,0,0,0,0,0,0,0,0,0,0,0,0,0,0,0,0,0,0,0,0
mw5jan1155.txt,http://www.anilreddydev.github.io,32,www.anilreddydev.github.io,26,0,io,61.28633271,0.684210526,0.0129268,0.046827835,2,2,0,0,0,19,0.594,0,0,0,0,0,2,0.062,0,81,3909,1,anlreddydevgthub,0,0,0,0,0,0,0,0,0,0,0,0,0,0,0,0,0,0,0,0,0,0,2,0,3,0
238854.txt,https://www.squirrelsave.com.sg,30,www.squirrelsave.com.sg,23,0,sg,100,0.8125,0.0008953,0.058689665,2,2,0,0,0,16,0.533,0,0,0,0,0,2,0.067,1,473,418,1,quirrelavecom,0,0,1,1,1,1,1,1,0,1,0,1,0,0,0,0,1,0,0,17,3,9,1,1,22,1
730013.txt,https://www.ajman.travel,23,www.ajman.travel,16,0,travel,100,1,0.0001144,0.058715776,6,1,0,0,0,10,0.435,0,0,0,0,0,1,0.043,1,1879,1012,1,ajman,100,100,0,0,1,0,0,1,0,0,0,1,1,0,0,0,0,1,1,52,28,24,38,8,140,1
mw52291.txt,http://www.madpath.com,21,www.madpath.com,15,0,com,82.6446281,1,0.5229071,0.059329954,3,1,0,0,0,9,0.429,0,0,0,0,0,1,0.048,0,2,30,0,0,0,0,0,0,0,0,0,0,0,0,0,0,0,0,0,0,0,0,0,0,0,0,0,0,0,0
474906.txt,https://www.ccm.or.tz,20,www.ccm.or.tz,13,0,tz,100,0.666666667,0.0000747,0.071152365,2,2,0,0,0,6,0.3,0,0,0,0,0,2,0.1,1,2374,379,1,ccmor,0,0,0,0,1,0,0,0,0,2,0,1,1,0,0,0,1,0,1,36,9,10,58,24,87,1
487016.txt,https://www.dadivosa.com.br,26,www.dadivosa.com.br,19,0,br,100,0.75,0.0094423,0.059605575,2,2,0,0,0,12,0.462,0,0,0,0,0,2,0.077,1,958,1820,1,dadivosacom,0,0,1,1,1,0,0,1,0,0,0,0,1,1,0,0,0,0,0,20,10,15,157,0,163,1
415440.txt,https://www.dreamlikediana.com,29,www.dreamlikediana.com,22,0,com,100,1,0.5229071,0.064122017,3,1,0,0,0,16,0.552,0,0,0,0,0,1,0.034,1,3426,4166,1,dreamlikediana,100,100,1,0,0,0,0,0,0,3,0,1,1,0,0,0,0,0,1,8,8,12,84,0,110,1
111585.txt,https://www.1stsource.com,24,www.1stsource.com,17,0,com,100,1,0.5229071,0.063861477,3,1,0,0,0,10,0.417,1,0.042,0,0,0,1,0.042,1,947,9381,1,1stsource,100,100,1,1,1,0,0,1,0,2,0,1,1,0,0,1,0,0,1,29,4,13,113,0,120,1
mw31j0455.txt,http://www.hoststudio.org,24,www.hoststudio.org,18,0,org,76.58495351,1,0.0799628,0.061643753,3,1,0,0,0,12,0.5,0,0,0,0,0,1,0.042,0,2,35,0,0,0,0,0,0,0,0,0,0,0,0,0,0,0,0,0,0,0,0,0,0,0,0,0,0,0,0
8007743.txt,https://am2fcu.firebaseapp.com/,30,am2fcu.firebaseapp.com,22,0,com,68.49401386,0.722222222,0.5229071,0.055616972,3,1,0,0,0,19,0.633,1,0.033,0,0,0,2,0.067,1,108,8125,1,am2fcufirebaseapp,0,0,0,0,1,0,0,0,0,0,0,0,0,0,0,0,0,0,0,0,0,0,0,0,3,0
mw29582.txt,http://www.f0534243.xsph.ru,26,www.f0534243.xsph.ru,20,0,ru,61.58088235,0.923076923,0.0180132,0.014898863,2,2,0,0,0,6,0.231,7,0.269,0,0,0,2,0.077,0,9,44,1,f0534243xsph,0,0,0,0,0,0,0,0,0,0,0,0,0,0,0,0,0,0,0,0,0,0,0,0,0,0
7997471.txt,https://www.claimbestdeal.com/disdis/ms-otlook/,46,www.claimbestdeal.com,21,0,com,36.37172516,1,0.5229071,0.062091126,3,1,0,0,0,30,0.652,0,0,0,0,0,4,0.087,1,11,85,1,claimbestdealdisdisms-otlook,0,100,0,0,0,0,0,0,0,0,0,0,0,0,0,0,0,0,0,0,0,0,0,0,0,0
8029719.txt,https://ebnkng-ch2.wrkbenchh.com/aktualisieren/,46,ebnkng-ch2.wrkbenchh.com,24,0,com,26.64962,0.55,0.5229071,0.052251642,3,1,0,0,0,33,0.717,1,0.022,0,0,0,4,0.087,1,16,286,1,ebnkng-ch2wrkbenchhaktualisieren,0,0,0,0,1,0,0,0,0,0,0,0,0,0,0,0,0,0,0,0,0,0,0,0,1,0
mw76495.txt,http://www.ideardonot.top,24,www.ideardonot.top,18,0,top,65.71428571,1,0.0002752,0.069298044,3,1,0,0,0,12,0.5,0,0,0,0,0,1,0.042,0,11,77,1,ideardonot,100,100,0,0,0,0,0,0,0,0,0,0,0,0,0,0,0,0,0,0,0,0,1,0,1,0
64276.txt,https://www.mtwilson.edu,23,www.mtwilson.edu,16,0,edu,100,1,0.0115013,0.05690761,3,1,0,0,0,10,0.435,0,0,0,0,0,1,0.043,1,1496,9381,1,mtwilson,100,100,1,1,1,0,0,1,0,0,0,1,1,1,0,0,0,0,1,14,45,129,170,3,189,1
7939112.txt,https://www.ethmining.info/#/,28,www.ethmining.info,18,0,info,62.22426471,1,0.0075051,0.056831172,4,1,0,0,0,13,0.464,0,0,0,0,0,3,0.107,1,37,439,1,ethmining#,0,100,1,0,1,0,0,0,0,0,0,0,0,0,0,0,0,0,0,0,1,2,0,0,2,0
144069.txt,https://www.selectiveasia.com,28,www.selectiveasia.com,21,0,com,100,1,0.5229071,0.068422801,3,1,0,0,0,15,0.536,0,0,0,0,0,1,0.036,1,864,16922,1,selectiveasia,100,100,1,0,1,0,0,1,0,3,0,1,1,1,0,0,0,0,1,73,2,5,175,0,16,1
391709.txt,https://www.theadanews.com,25,www.theadanews.com,18,0,com,100,1,0.5229071,0.062537069,3,1,0,0,0,12,0.48,0,0,0,0,0,1,0.04,1,5966,24796,1,theadanews,100,100,0,0,1,0,0,1,0,3,0,0,1,1,0,0,1,0,1,85,12,67,254,4,59,1
mw10390.txt,http://www.web2.hashgains.com,28,www.web2.hashgains.com,22,0,com,62.11825861,0.785714286,0.5229071,0.051440266,3,2,0,0,0,14,0.5,1,0.036,0,0,0,2,0.071,0,11,82,1,web2hashgains,0,0,0,0,0,0,0,0,0,0,0,0,0,0,0,0,0,0,0,0,0,0,1,0,1,0
119263.txt,https://www.mayfield.com,23,www.mayfield.com,16,0,com,100,1,0.5229071,0.057261613,3,1,0,0,0,10,0.435,0,0,0,0,0,1,0.043,1,789,9381,1,mayfield,100,100,1,1,1,0,0,1,0,2,0,1,1,1,0,0,0,0,1,40,16,29,127,0,148,1
137433.txt,https://www.imidaily.com,23,www.imidaily.com,16,0,com,100,1,0.5229071,0.059487012,3,1,0,0,0,10,0.435,0,0,0,0,0,1,0.043,1,2588,10913,1,imidaily,100,100,0,1,1,0,0,1,2,2,0,1,1,1,0,1,1,1,1,76,33,34,196,2,221,1
629723.txt,https://www.beppedepalma.com,27,www.beppedepalma.com,20,0,com,100,1,0.5229071,0.059950513,3,1,0,0,0,14,0.519,0,0,0,0,0,1,0.037,1,311,650,1,beppedepalma,100,100,1,1,1,0,0,1,0,0,0,1,0,0,0,0,0,0,1,11,5,9,1,0,16,1
oph07493.txt,https://onlinequranteaching.com/public/nzvjez64c8hpxfn8g6hdvff8yzdyhhfo,71,onlinequranteaching.com,23,0,com,32.404258,1,0.5229071,0.039012457,3,0,0,0,0,54,0.761,6,0.085,0,0,0,3,0.042,1,13,115,1,onlinequranteachingpublicnzvjez64c8hpxfn8g6hdvff8yzdyhhfo,0,100,0,0,0,1,1,0,0,0,0,0,0,0,0,0,0,0,0,0,0,0,1,0,1,0
70288.txt,https://www.christianheadlines.com,33,www.christianheadlines.com,26,0,com,100,1,0.5229071,0.062210873,3,1,0,0,0,20,0.606,0,0,0,0,0,1,0.03,1,1647,473,1,christianheadlines,100,100,1,1,1,0,0,1,0,2,1,1,1,0,0,0,0,0,1,24,0,11,243,1,227,1
775704.txt,https://www.concretonline.com,28,www.concretonline.com,21,0,com,100,1,0.5229071,0.073382953,3,1,0,0,0,15,0.536,0,0,0,0,0,1,0.036,1,3999,3184,1,ncretonline,84.61538462,84.61538462,1,0,1,1,0,1,0,0,0,1,1,1,0,0,0,0,1,122,10,15,214,4,42,1
mw48006.txt,http://www.mail-nepalarmy-mil-np-login-download.netlify.app,58,www.mail-nepalarmy-mil-np-login-download.netlify.app,52,0,app,21.6500679,0.227272727,0.001502,0.055264723,3,2,0,0,0,40,0.69,0,0,0,0,0,7,0.121,0,2,67,0,0,0,0,0,0,0,0,0,0,0,0,0,0,0,0,0,0,0,0,0,0,0,0,0,0,0,0
mw30107.txt,http://www.hfdkegjsd.ru.xsph.ru,30,www.hfdkegjsd.ru.xsph.ru,24,0,ru,34.64285714,0.588235294,0.0180132,0.034881807,2,3,0,0,0,16,0.533,0,0,0,0,0,3,0.1,0,9,44,1,hfdkegjsduxsph,0,0,0,0,0,0,0,0,0,0,0,0,0,0,0,0,0,0,0,0,0,0,0,0,0,0
22939.txt,https://www.areadevelopment.com,30,www.areadevelopment.com,23,0,com,100,1,0.5229071,0.067303897,3,1,0,0,0,17,0.567,0,0,0,0,0,1,0.033,1,3082,922,1,areadevelopment,100,100,1,1,0,0,0,1,0,0,0,1,1,1,0,0,0,0,1,87,1,4,324,5,359,1
764338.txt,https://www.childbrides.org,26,www.childbrides.org,19,0,org,100,1,0.0799628,0.055456421,3,1,0,0,0,13,0.5,0,0,0,0,0,1,0.038,1,1100,1902,1,childbrides,100,100,0,1,1,0,0,0,0,0,0,0,1,0,0,0,1,0,1,4,6,7,35,0,43,1
415053.txt,https://www.pureecoinc.com,25,www.pureecoinc.com,18,0,com,100,1,0.5229071,0.070175546,3,1,0,0,0,12,0.48,0,0,0,0,0,1,0.04,1,2115,12622,1,pureeinc,0,0,0,1,1,0,0,1,0,13,0,1,1,1,0,1,1,0,1,52,41,44,153,9,157,1
55181.txt,https://www.siia.net,19,www.siia.net,12,0,net,100,1,0.0384199,0.068467197,3,1,0,0,0,6,0.316,0,0,0,0,0,1,0.053,1,2132,7704,1,siia,100,100,0,1,1,1,0,1,0,0,0,1,1,1,0,0,0,0,1,14,26,41,109,4,127,1
627510.txt,https://www.feelmagazine.nl,26,www.feelmagazine.nl,19,0,nl,100,1,0.0082003,0.058662028,2,1,0,0,0,13,0.5,0,0,0,0,0,1,0.038,1,1012,9727,1,feelmagazie,0,0,0,1,1,0,0,0,0,0,0,1,1,0,0,0,1,0,1,38,12,19,183,6,187,1
mw58443.txt,http://www.googleimg.top,23,www.googleimg.top,17,0,top,71.42857143,1,0.0002752,0.064034442,3,1,0,0,0,11,0.478,0,0,0,0,0,1,0.043,0,41,112,1,googleimg,100,100,0,0,0,0,0,0,0,0,0,0,0,0,0,0,0,0,0,0,0,0,0,0,0,0
590236.txt,https://www.cerise.tokyo,23,www.cerise.tokyo,16,0,tokyo,100,1,0.0002081,0.061989405,5,1,0,0,0,10,0.435,0,0,0,0,0,1,0.043,1,437,1746,1,cerise,100,100,1,0,1,0,0,0,0,1,0,1,0,0,0,0,0,0,1,10,6,17,28,0,42,1
8024520.txt,http://ianacurtis.rmxcontabilidade.com.br,40,ianacurtis.rmxcontabilidade.com.br,34,0,br,43.1735047,0.548387097,0.0094423,0.060160094,2,2,0,0,0,30,0.75,0,0,0,0,0,3,0.075,0,31,146,0,0,0,0,0,0,0,1,0,0,0,0,0,0,0,0,0,0,0,0,0,0,0,0,0,0,2,0
28222.txt,https://www.foodnavigator.com,28,www.foodnavigator.com,21,0,com,100,1,0.5229071,0.064499111,3,1,0,0,0,15,0.536,0,0,0,0,0,1,0.036,1,2722,1165,1,foodnavigator,100,100,1,1,1,0,0,1,0,2,0,1,1,1,0,0,0,0,1,53,10,11,276,17,39,1
8075407.txt,https://s.amazenru-jp.com,25,s.amazenru-jp.com,17,0,com,58.74663591,0.692307692,0.5229071,0.056710387,3,1,0,0,0,14,0.56,0,0,0,0,0,3,0.12,1,13,73,1,samazenru-jp,0,0,0,0,0,1,0,0,0,0,0,0,0,0,0,0,0,0,0,0,0,0,0,0,1,0
83129.txt,https://www.mamiworks.com,24,www.mamiworks.com,17,0,com,100,1,0.5229071,0.062764568,3,1,0,0,0,11,0.458,0,0,0,0,0,1,0.042,1,1102,9381,1,mamiworks,100,100,0,1,1,0,0,0,0,3,0,1,1,1,0,0,0,0,1,35,20,27,59,2,80,1
mw52215.txt,http://www.wifizone.org,22,www.wifizone.org,16,0,org,84.95350803,1,0.0799628,0.057108961,3,1,0,0,0,10,0.455,0,0,0,0,0,1,0.045,0,88,239,1,wifizone,100,100,0,0,0,0,0,1,0,0,0,0,0,0,0,0,0,0,0,1,1,2,0,0,5,0
629369.txt,https://www.arthurveterinaryclinic.com,37,www.arthurveterinaryclinic.com,30,0,com,100,1,0.5229071,0.060397834,3,1,0,0,0,24,0.649,0,0,0,0,0,1,0.027,1,1585,1350,1,arthurveterinaryclinic,100,100,0,0,1,0,0,1,0,3,0,1,0,1,0,0,1,0,0,26,8,10,47,0,10,1
35505.txt,https://www.thecomfortcompany.com,32,www.thecomfortcompany.com,25,0,com,100,1,0.5229071,0.06470658,3,1,0,0,0,19,0.594,0,0,0,0,0,1,0.031,1,4931,3968,1,themfortmpany,0,0,1,0,1,1,0,1,0,20,0,1,1,1,1,1,1,0,1,77,4,51,103,13,24,1
8005191.txt,https://rfde-107a7.web.app/,26,rfde-107a7.web.app,18,0,app,48.92787524,0.571428571,0.001502,0.035864901,3,1,0,0,0,11,0.423,4,0.154,0,0,0,3,0.115,1,108,8125,1,rfde-107a7web,0,0,0,0,1,0,0,0,0,0,0,0,0,0,0,0,0,0,0,0,0,0,0,0,3,0
50519.txt,https://www.stir.ac.uk,21,www.stir.ac.uk,14,0,uk,100,0.714285714,0.028555,0.060322865,2,2,0,0,0,7,0.333,0,0,0,0,0,2,0.095,1,642,715,1,stirac,0,0,1,0,1,0,0,1,0,0,0,1,1,1,0,0,0,0,1,7,2,7,55,3,14,1
8004443.txt,http://vinted-pl-gj32d.lanru.top/authorize/1662975258698217,58,vinted-pl-gj32d.lanru.top,25,0,top,18.05814332,0.428571429,0.0002752,0.031838033,3,1,0,0,0,28,0.483,17,0.293,0,0,0,6,0.103,0,2,67,0,0,0,0,0,0,0,0,0,0,0,0,0,0,0,0,0,0,0,0,0,0,0,0,0,0,0,0
848238.txt,https://www.discoverbristol.co.uk,32,www.discoverbristol.co.uk,25,0,uk,100,0.888888889,0.028555,0.061000317,2,2,0,0,0,18,0.562,0,0,0,0,0,2,0.062,1,432,283,1,discoverbristolco,0,0,1,0,0,1,0,1,0,0,0,0,1,1,0,0,0,0,1,11,5,15,63,2,11,1
903778.txt,https://www.it-internet-design.de,32,www.it-internet-design.de,25,0,de,100,0.5,0.0326503,0.058977082,2,1,0,0,0,17,0.531,0,0,0,0,0,3,0.094,1,345,717,1,it-internet-esign,0,0,1,1,0,0,0,1,0,0,0,0,0,0,0,0,0,0,1,16,8,11,20,8,14,1
688229.txt,https://www.openautoalliance.net,31,www.openautoalliance.net,24,0,net,100,1,0.0384199,0.068022824,3,1,0,0,0,18,0.581,0,0,0,0,0,1,0.032,1,1512,304,1,openautoalliance,100,100,0,0,1,0,0,0,0,1,0,0,0,0,0,0,0,0,0,0,1,3,1,0,154,1
722387.txt,https://www.grossi.com.au,24,www.grossi.com.au,17,0,au,100,0.7,0.0100856,0.068569642,2,2,0,0,0,10,0.417,0,0,0,0,0,2,0.083,1,642,178,1,grossicom,0,0,1,0,1,0,0,1,0,0,0,1,0,0,0,0,0,0,1,4,2,5,5,0,30,1
470381.txt,https://www.plainfeld.salzburg.at,32,www.plainfeld.salzburg.at,25,0,at,100,0.555555556,0.0038776,0.04772182,2,2,0,0,0,18,0.562,0,0,0,0,0,2,0.062,1,449,1161,1,plinfeldslzburg,0,0,0,1,1,0,0,1,0,1,0,0,1,1,0,0,0,0,1,1,11,19,90,1,10,1
47229.txt,https://www.lesaffaires.com,26,www.lesaffaires.com,19,0,com,100,1,0.5229071,0.063563855,3,1,0,0,0,13,0.5,0,0,0,0,0,1,0.038,1,3582,698,1,lesaffaires,100,100,1,0,1,0,0,0,0,3,0,1,1,1,1,0,1,1,1,78,10,31,494,16,91,1
mw31233.txt,http://www.sikhsiyasatapp.net,28,www.sikhsiyasatapp.net,22,0,net,63.61273554,1,0.0384199,0.052714757,3,1,0,0,0,16,0.571,0,0,0,0,0,1,0.036,0,49,777,0,0,0,0,0,0,0,0,0,0,0,1,0,0,0,0,0,0,0,0,0,0,0,2,0,0,1,0
781630.txt,https://www.adamwalton.co.uk,27,www.adamwalton.co.uk,20,0,uk,100,0.846153846,0.028555,0.062482599,2,2,0,0,0,13,0.481,0,0,0,0,0,2,0.074,1,692,778,1,adamwaltonco,0,0,0,0,1,0,0,1,0,0,0,0,1,0,1,1,1,0,1,52,6,15,105,55,32,1
mw64853.txt,http://www.pony4.microsoftups.com,32,www.pony4.microsoftups.com,26,0,com,61.05860113,0.777777778,0.5229071,0.056697938,3,2,0,0,0,18,0.562,1,0.031,0,0,0,2,0.062,0,2,41,0,0,0,0,0,0,0,0,0,0,0,0,0,0,0,0,0,0,0,0,0,0,0,0,0,0,0,0
8042866.txt,https://objectstorage.ap-singapore-1.oraclecloud.com/n/axo19n6cjxrb/b/bucket-20230214-2330/o/bigialopopoqueueindex.html,119,objectstorage.ap-singapore-1.oraclecloud.com,44,0,com,18.27367908,0.375,0.5229071,0.048482504,3,2,0,0,0,81,0.681,16,0.134,0,0,0,14,0.118,1,2,170,0,0,0,0.99009901,0,0,0,0,0,0,0,0,0,0,0,0,0,0,0,0,0,0,0,0,0,0,0,0
903192.txt,https://www.meccanoindex.co.uk,29,www.meccanoindex.co.uk,22,0,uk,100,0.866666667,0.028555,0.065978509,2,2,0,0,0,15,0.517,0,0,0,0,0,2,0.069,1,282,474,1,meccanoindexco,0,0,1,0,1,0,0,0,0,0,0,0,0,0,0,0,0,0,1,11,7,5,17,9,4,1
82209.txt,https://www.thetoc.gr,20,www.thetoc.gr,13,0,gr,100,1,0.0016589,0.060992992,2,1,0,0,0,7,0.35,0,0,0,0,0,1,0.05,1,6442,1192,1,thetoc,100,100,1,1,1,1,1,1,8,6,0,1,0,0,0,0,1,0,1,166,1,13,418,0,128,1
878137.txt,https://www.mandsenergy.com,26,www.mandsenergy.com,19,0,com,100,1,0.5229071,0.061720699,3,1,0,0,0,13,0.5,0,0,0,0,0,1,0.038,1,367,364,1,mandsenergy,100,100,1,0,1,0,0,1,0,2,0,0,0,0,0,0,1,0,0,5,1,10,19,2,11,1
7528080.txt,https://eth-pos.cc/#/,20,eth-pos.cc,10,0,cc,61.21794872,0.571428571,0.0010349,0.06222001,2,0,0,0,0,8,0.4,0,0,0,0,0,4,0.2,1,63,888,1,eth-pos#,0,100,1,1,0,0,0,0,0,0,0,0,0,0,0,0,0,0,0,0,1,5,0,0,1,0
mw41956.txt,http://www.play.stream.vidzi.tv,30,www.play.stream.vidzi.tv,24,0,tv,60.33240997,0.411764706,0.0019696,0.049754886,2,3,0,0,0,16,0.533,0,0,0,0,0,3,0.1,0,2,268,0,0,0,0,0,0,1,0,0,0,0,1,0,0,0,0,0,0,0,0,0,0,0,0,0,0,0,0
mw52296.txt,http://www.mw.lt,15,www.mw.lt,9,0,lt,68,1,0.0005524,0.038492973,2,1,0,0,0,3,0.2,0,0,0,0,0,1,0.067,0,2,24,0,0,0,0,0,0,0,0,0,0,0,0,0,0,0,0,0,0,0,0,0,0,0,0,0,0,0,0
458830.txt,https://www.edisonlearning.com,29,www.edisonlearning.com,22,0,com,100,1,0.5229071,0.066029006,3,1,0,0,0,16,0.552,0,0,0,0,0,1,0.034,1,2964,1658,1,edisonlearning,100,100,1,0,1,0,0,1,0,3,0,1,1,1,0,0,1,0,1,34,6,20,89,8,110,1
7641141.txt,https://uniswap-event.org/,25,uniswap-event.org,17,0,org,64.55209535,0.615384615,0.0799628,0.054737939,3,0,0,0,0,15,0.6,0,0,0,0,0,2,0.08,1,2,5972,1,uniswap-event,100,100,1,0,1,0,0,0,0,0,0,0,0,0,0,0,0,1,0,1,1,1,0,0,1,0
19133.txt,https://www.tiffany.com,22,www.tiffany.com,15,0,com,100,1,0.5229071,0.052856901,3,1,0,0,0,9,0.409,0,0,0,0,0,1,0.045,1,4956,19828,1,tiffany,100,100,1,0,1,0,0,1,0,1,0,1,1,1,0,0,1,0,1,4,6,13,375,0,420,1
511554.txt,https://www.poppinsonmackinac.com,32,www.poppinsonmackinac.com,25,0,com,100,1,0.5229071,0.062954584,3,1,0,0,0,19,0.594,0,0,0,0,0,1,0.031,1,1258,2691,1,poppinsonmackinac,100,100,1,0,1,0,0,1,0,19,0,1,1,1,1,1,1,0,1,7,3,23,84,2,8,1
mw7801.txt,http://www.beemail.online,24,www.beemail.online,18,0,online,70.06802721,1,0.0008457,0.06458018,6,1,0,0,0,12,0.5,0,0,0,0,0,1,0.042,0,27,75,1,beemail,100,100,0,0,0,0,0,0,0,0,0,0,0,0,0,0,0,0,0,0,0,0,0,0,2,0
7969464.txt,https://storageapi.fleek.co/0c4f1bc1-9bd4-4d7b-89b5-a58736a465bd-bucket/customindex.html,87,storageapi.fleek.co,19,0,co,24.19714506,0.6875,0.0059772,0.0387198,2,1,0,0,0,50,0.575,19,0.218,0,0,0,10,0.115,1,241,103353,1,storageapifleek0c4f1bc1-9bd4-4d7b-89b5-a58736a465bd-bucketcustomindexhtm,0,0,1,1,1,1,0,0,0,0,0,0,1,1,1,0,0,0,0,0,6,1,0,0,4,0
742330.txt,https://www.nssz.ru,18,www.nssz.ru,11,0,ru,100,1,0.0180132,0.04716458,2,1,0,0,0,5,0.278,0,0,0,0,0,1,0.056,1,475,453,1,nssz,100,100,0,0,1,0,0,1,0,0,0,0,0,0,0,0,1,0,0,53,11,14,85,4,74,1
520739.txt,https://www.oxhow.com,20,www.oxhow.com,13,0,com,100,1,0.5229071,0.059766902,3,1,0,0,0,7,0.35,0,0,0,0,0,1,0.05,1,393,172,1,oxhow,100,100,1,0,1,0,0,1,0,0,0,0,0,0,0,0,0,0,1,17,6,4,14,0,22,1
606685.txt,https://www.visual-home.es,25,www.visual-home.es,18,0,es,100,0.636363636,0.0064109,0.05937286,2,1,0,0,0,11,0.44,0,0,0,0,0,2,0.08,1,1729,1560,1,visual-hom,90.90909091,90.90909091,1,0,1,1,0,1,0,2,0,1,1,1,0,0,0,0,1,35,12,20,107,5,21,1
245996.txt,https://www.mealsonwheels4u.com,30,www.mealsonwheels4u.com,23,0,com,100,0.933333333,0.5229071,0.059506081,3,1,0,0,0,16,0.533,1,0.033,0,0,0,1,0.033,1,1529,4886,1,mealsonwheels4u,100,100,1,0,1,0,0,1,0,0,0,1,1,1,0,0,1,0,0,35,20,39,129,1,12,1
404640.txt,https://www.scottishmaritimemuseum.org,37,www.scottishmaritimemuseum.org,30,0,org,100,1,0.0799628,0.063279056,3,1,0,0,0,24,0.649,0,0,0,0,0,1,0.027,1,877,7499,1,scottishmaritimemuseum,100,100,0,1,1,0,0,1,0,0,0,1,1,1,0,0,1,0,1,17,18,33,84,1,89,1
241838.txt,https://www.paygo.lk,19,www.paygo.lk,12,0,lk,100,1,0.0001507,0.048926939,2,1,0,0,0,6,0.316,0,0,0,0,0,1,0.053,1,588,200,1,paygo,100,100,0,0,1,0,0,0,0,0,0,1,1,0,0,1,1,0,0,42,3,9,17,0,19,1
8073332.txt,http://burghdogs.com/landmarkcuauth,35,burghdogs.com,13,0,com,40.78993666,1,0.5229071,0.052022604,3,0,0,0,0,26,0.743,0,0,0,0,0,2,0.057,0,9,86,1,burghdogslandmarkcuauth,0,100,0,0,0,0,0,0,0,0,0,0,0,0,0,0,0,0,0,0,0,0,1,0,1,0
mw76953.txt,http://www.915783.com,20,www.915783.com,14,0,com,69.45454545,1,0.5229071,0.022689376,3,1,0,0,0,2,0.1,6,0.3,0,0,0,1,0.05,0,8,41,1,915783,100,100,0,0,0,0,0,0,0,0,0,0,0,0,0,0,0,0,0,0,0,0,0,0,0,0
mw16573.txt,http://www.na1.player1532.com,28,www.na1.player1532.com,22,0,com,56.07537362,0.785714286,0.5229071,0.042493513,3,2,0,0,0,10,0.357,5,0.179,0,0,0,2,0.071,0,2,37,0,0,0,0,0,0,0,0,0,0,0,0,0,0,0,0,0,0,0,0,0,0,0,0,0,0,0,0
236682.txt,https://www.kurzurlaub.de,24,www.kurzurlaub.de,17,0,de,100,1,0.0326503,0.03800338,2,1,0,0,0,11,0.458,0,0,0,0,0,1,0.042,1,2670,4830,1,kurzurlaub,100,100,0,1,1,0,0,1,0,0,0,1,0,1,0,0,0,0,1,66,3,4,320,0,29,1
486567.txt,https://www.grpva.com,20,www.grpva.com,13,0,com,100,1,0.5229071,0.054709551,3,1,0,0,0,7,0.35,0,0,0,0,0,1,0.05,1,1172,9381,1,grpva,100,100,1,1,1,0,0,1,0,0,0,1,1,1,0,1,0,0,0,50,16,30,210,20,193,1
8034100.txt,https://fb-business-appeal-4066b.web.app/,40,fb-business-appeal-4066b.web.app,32,0,app,36.87047995,0.464285714,0.001502,0.040605202,3,1,0,0,0,23,0.575,4,0.1,0,0,0,5,0.125,1,59,78,1,fb-business-eal-4066bweb,0,0,1,0,0,0,0,1,0,0,0,0,0,0,0,0,0,0,0,2,0,3,1,0,0,0
8063898.txt,https://attcom-102201.square.site/,34,attcom-102201.square.site,25,0,site,58.81846154,0.65,0.0017656,0.046644576,4,1,0,0,0,16,0.471,6,0.176,0,0,0,4,0.118,1,68,80,1,attcom-102201square,0,0,0,0,0,0,0,0,0,0,0,0,0,0,0,0,0,0,0,0,0,0,0,0,1,0
158739.txt,https://www.climate.com,22,www.climate.com,15,0,com,100,1,0.5229071,0.071336207,3,1,0,0,0,9,0.409,0,0,0,0,0,1,0.045,1,1833,2482,1,climate,100,100,1,0,1,0,0,1,0,2,0,1,0,0,0,0,1,0,1,43,3,17,61,0,51,1
7950716.txt,https://upyq8ess.dreamwp.com/dkskat/,35,upyq8ess.dreamwp.com,20,0,com,37.74250441,0.5625,0.5229071,0.046897457,3,1,0,0,0,23,0.657,1,0.029,0,0,0,3,0.086,1,9,103,1,upyq8essdreamwpdkskat,0,0,0,0,0,0,0,0,0,0,0,0,0,0,0,0,0,0,0,0,0,0,1,0,1,0
8050912.txt,https://fb-business-appeal-57a8f.firebaseapp.com/,49,fb-business-appeal-57a8f.firebaseapp.com,40,0,com,46.68597561,0.388888889,0.5229071,0.050310078,3,1,0,0,0,32,0.653,3,0.061,0,0,0,6,0.122,1,108,8125,1,fb-business-appeal-57a8ffirebaseapp,0,0,0,0,1,0,0,0,0,0,0,0,0,0,0,0,0,0,0,0,0,0,0,0,3,0
536450.txt,https://www.rewildingchile.org,29,www.rewildingchile.org,22,0,org,100,1,0.0799628,0.056548007,3,1,0,0,0,16,0.552,0,0,0,0,0,1,0.034,1,1211,9381,1,rewildingchile,100,100,0,1,1,0,0,1,0,3,1,1,1,1,0,0,0,0,1,27,5,14,70,4,101,1
633856.txt,https://www.megcampbelldesigns.com,33,www.megcampbelldesigns.com,26,0,com,100,1,0.5229071,0.058693546,3,1,0,0,0,20,0.606,0,0,0,0,0,1,0.03,1,1054,3974,1,megcampbelldesigns,100,100,0,0,1,0,0,1,0,19,0,1,1,0,1,1,1,0,1,25,2,21,23,0,14,1
7960838.txt,https://s.id/tanaktualisierung,29,s.id,4,0,id,39.33209647,1,0.0014653,0.056592361,2,0,0,0,0,19,0.655,0,0,0,0,0,2,0.069,1,2,38,0,0,0,0,0,0,0,0,0,0,0,0,0,0,0,0,0,0,0,0,0,0,0,0,0,0,0,0
mw69670.txt,http://www.web-design.review,27,www.web-design.review,21,0,review,78.16224529,0.7,0.0000171,0.054501475,6,1,0,0,0,14,0.519,0,0,0,0,0,2,0.074,0,7,164,0,0,0,0,0,0,0,1,0,0,0,0,0,0,0,0,0,0,0,0,0,0,0,0,0,0,0,0
412683.txt,https://www.birding.in,21,www.birding.in,14,0,in,100,1,0.0050842,0.048837889,2,1,0,0,0,8,0.381,0,0,0,0,0,1,0.048,1,699,860,1,brdng,0,0,0,1,0,0,0,0,0,0,0,0,0,0,0,0,0,0,1,12,1,1,2,0,12,1
737040.txt,https://www.wcs.k12.va.us,24,www.wcs.k12.va.us,17,0,us,100,0.6,0.0045585,0.031554931,2,3,0,0,0,7,0.292,2,0.083,0,0,0,3,0.125,1,1020,6691,1,wcsk12va,0,0,1,0,1,0,0,1,0,2,0,1,1,0,0,0,0,0,0,19,7,51,81,1,43,1
624353.txt,https://www.jaysonjewelers.com,29,www.jaysonjewelers.com,22,0,com,100,1,0.5229071,0.058583636,3,1,0,0,0,16,0.552,0,0,0,0,0,1,0.034,1,1069,7629,1,jaysonjewelers,100,100,0,0,1,0,0,1,0,0,0,1,1,1,0,0,0,0,1,44,17,30,56,0,19,1
mw5jan1038.txt,http://www.thenaijatimes.com,27,www.thenaijatimes.com,21,0,com,76.47058824,1,0.5229071,0.063894905,3,1,0,0,0,15,0.556,0,0,0,0,0,1,0.037,0,2,39,0,0,0,0,0,0,0,0,0,0,0,0,0,0,0,0,0,0,0,0,0,0,0,0,0,0,0,0
222075.txt,https://www.paulox.net,21,www.paulox.net,14,0,net,100,1,0.0384199,0.054299403,3,1,0,0,0,8,0.381,0,0,0,0,0,1,0.048,1,247,774,1,paulox,100,100,0,0,0,0,0,0,0,0,0,1,0,0,0,0,0,0,1,0,3,1,26,0,31,1
455490.txt,https://www.ci.quartzsite.az.us,30,www.ci.quartzsite.az.us,23,0,us,100,0.6875,0.0045585,0.050323538,2,3,0,0,0,15,0.5,0,0,0,0,0,3,0.1,1,1051,427,1,ciqartzsiteaz,0,0,1,1,1,0,0,0,3,0,1,1,0,1,0,0,1,0,1,31,11,45,11,84,21,1
173691.txt,https://www.videogameconsolelibrary.com,38,www.videogameconsolelibrary.com,31,0,com,100,1,0.5229071,0.064158718,3,1,0,0,0,25,0.658,0,0,0,0,0,1,0.026,1,593,1080,1,videogamensolelibrary,0,0,1,0,0,1,1,1,0,0,0,1,0,0,0,0,0,0,1,18,4,5,156,0,164,1
120236.txt,https://www.abmp.com,19,www.abmp.com,12,0,com,100,1,0.5229071,0.061035423,3,1,0,0,0,6,0.316,0,0,0,0,0,1,0.053,1,551,4540,1,abmp,100,100,1,0,1,0,0,1,0,3,0,1,0,1,0,0,1,0,1,11,14,22,84,0,30,1
776648.txt,https://www.satcentrum.com,25,www.satcentrum.com,18,0,com,100,1,0.5229071,0.066507272,3,1,0,0,0,12,0.48,0,0,0,0,0,1,0.04,1,1513,680,1,satcentrum,100,100,1,1,0,0,0,1,0,0,0,1,1,0,0,0,0,0,1,13,4,7,121,1,22,1
8054378.txt,https://support-management-76454.web.app/,41,support-management-76454.web.app,32,0,app,47.73319129,0.571428571,0.001502,0.045707075,3,1,0,0,0,23,0.561,5,0.122,0,0,0,5,0.122,1,66,172,1,support-management-76454web,0,0,1,0,0,0,0,1,0,0,0,0,0,0,0,0,0,0,0,5,1,4,1,0,0,0
162536.txt,https://www.ladbs.org,20,www.ladbs.org,13,0,org,100,1,0.0799628,0.056778408,3,1,0,0,0,7,0.35,0,0,0,0,0,1,0.05,1,1882,4271,1,ladbs,100,100,0,0,1,1,0,1,0,1,0,0,0,1,0,0,1,0,1,30,6,7,206,6,59,1
66145.txt,https://www.phenoapps.org,24,www.phenoapps.org,17,0,org,100,1,0.0799628,0.05907651,3,1,0,0,0,11,0.458,0,0,0,0,0,1,0.042,1,165,634,1,phenoapps,100,100,1,0,1,0,0,1,0,0,0,1,0,0,0,0,0,0,1,5,4,11,7,0,12,1
8045012.txt,https://www.faewood.com,23,www.faewood.com,15,0,com,90.08264463,1,0.5229071,0.066854619,3,1,0,0,0,10,0.435,0,0,0,0,0,1,0.043,1,9,99,1,faewood,100,100,0,0,0,0,0,0,0,0,0,0,0,0,0,0,0,0,0,0,0,0,1,0,1,0
7955770.txt,https://maidlier.godaddysites.com/,33,maidlier.godaddysites.com,25,0,com,72.29892615,0.619047619,0.5229071,0.059420343,3,1,0,0,0,23,0.697,0,0,0,0,0,2,0.061,1,30,115,1,maidliergodaddysites,0,0,0,0,1,0,0,0,0,0,0,0,0,0,0,0,0,0,0,1,2,0,2,0,0,0
8080059.txt,http://www.amazceczm-co-jp.amazaeocn.50220.top/,47,www.amazceczm-co-jp.amazaeocn.50220.top,39,0,top,26.44897959,0.483870968,0.0002752,0.052049801,3,3,0,0,0,25,0.532,5,0.106,0,0,0,6,0.128,0,2,537,0,0,3.225806452,3.225806452,1,0,1,0,0,0,0,0,0,0,0,0,0,0,0,0,0,0,1,1,0,0,0,0
103027.txt,https://www.suganthan.com,24,www.suganthan.com,17,0,com,100,1,0.5229071,0.058910715,3,1,0,0,0,11,0.458,0,0,0,0,0,1,0.042,1,2175,9381,1,suganthan,100,100,1,1,1,0,0,1,0,6,0,1,1,1,0,0,0,0,0,151,3,8,53,0,61,1
mw49727.txt,http://www.registroinformado.bar,31,www.registroinformado.bar,25,0,bar,59.08060194,1,0.0000383,0.06307981,3,1,0,0,0,19,0.613,0,0,0,0,0,1,0.032,0,2,40,0,0,0,0,0,0,0,0,0,0,0,0,0,0,0,0,0,0,0,0,0,0,0,0,0,0,0,0
456012.txt,https://www.canalsocietynj.org,29,www.canalsocietynj.org,22,0,org,100,1,0.0799628,0.063520224,3,1,0,0,0,16,0.552,0,0,0,0,0,1,0.034,1,364,735,1,canalsocietynj,100,100,0,0,1,0,0,1,0,0,0,1,0,0,0,0,0,0,0,8,9,15,42,0,7,1
536549.txt,https://www.appliancerepairhoboken.com,37,www.appliancerepairhoboken.com,30,0,com,100,1,0.5229071,0.063011144,3,1,0,0,0,24,0.649,0,0,0,0,0,1,0.027,1,504,2147,1,appliancerepairhoboken,100,100,0,1,1,0,0,1,0,1,0,0,0,0,0,0,0,0,1,16,9,10,43,1,46,1
561137.txt,https://www.montraykreyol.org,28,www.montraykreyol.org,21,0,org,100,1,0.0799628,0.061657827,3,1,0,0,0,15,0.536,0,0,0,0,0,1,0.036,1,1784,3546,1,montraykreyol,100,100,1,0,1,0,0,1,0,0,0,0,1,1,0,0,1,0,0,60,24,26,464,4,37,1
454492.txt,https://www.driv.de,18,www.driv.de,11,0,de,100,1,0.0326503,0.039319492,2,1,0,0,0,5,0.278,0,0,0,0,0,1,0.056,1,1943,9381,1,riv,75,75,0,1,1,0,0,1,0,0,1,1,1,1,0,0,0,0,0,33,29,42,83,0,180,1
580121.txt,https://www.lathiskitchen.org,28,www.lathiskitchen.org,21,0,org,100,1,0.0799628,0.057650134,3,1,0,0,0,15,0.536,0,0,0,0,0,1,0.036,1,456,6486,1,lathiskitchen,100,100,0,1,1,0,0,1,0,8,1,1,1,1,0,0,0,0,1,11,7,8,47,0,45,1
mw23009.txt,http://www.tradeadspace.info,27,www.tradeadspace.info,21,0,info,70.17463235,1,0.0075051,0.059340326,4,1,0,0,0,15,0.556,0,0,0,0,0,1,0.037,0,2,36,0,0,0,0,0,0,0,0,0,0,0,0,0,0,0,0,0,0,0,0,0,0,0,0,0,0,0,0
388763.txt,https://www.michaelsnewyork.com,30,www.michaelsnewyork.com,23,0,com,100,1,0.5229071,0.059909009,3,1,0,0,0,17,0.567,0,0,0,0,0,1,0.033,1,5933,14115,1,michaelsnewyork,100,100,1,0,1,0,0,1,0,0,0,1,0,1,0,0,1,0,0,39,4,17,23,0,27,1
15571.txt,https://www.itnews.com.au,24,www.itnews.com.au,17,0,au,100,0.7,0.0100856,0.065039626,2,2,0,0,0,10,0.417,0,0,0,0,0,2,0.083,1,1690,31418,1,itnewscom,0,0,1,0,1,0,0,1,0,1,0,1,0,1,1,1,1,1,1,63,4,12,169,1,64,1
7788859.txt,http://con2dapps.com,19,con2dapps.com,13,0,com,77.09213863,0.666666667,0.5229071,0.057029599,3,0,0,0,0,10,0.526,1,0.053,0,0,0,1,0.053,0,2,2551,1,n2dapps,77.77777778,77.77777778,0,0,1,0,0,0,0,0,0,0,0,0,0,0,0,0,0,0,0,1,0,0,1,0
99607.txt,https://www.wise-qatar.org,25,www.wise-qatar.org,18,0,org,100,0.6,0.0799628,0.060500637,3,1,0,0,0,11,0.44,0,0,0,0,0,2,0.08,1,1898,7061,1,wise-qatar,100,100,0,1,0,0,0,1,0,0,0,1,1,1,1,1,0,0,0,28,26,28,239,27,246,1
26328.txt,https://www.nhregister.com,25,www.nhregister.com,18,0,com,100,1,0.5229071,0.063508962,3,1,0,0,0,12,0.48,0,0,0,0,0,1,0.04,1,2462,16123,1,nhregister,100,100,1,0,1,1,0,1,0,0,0,1,1,1,0,1,1,0,1,168,4,15,188,1,44,1
140004.txt,https://www.deathmetal.org,25,www.deathmetal.org,18,0,org,100,1,0.0799628,0.064608717,3,1,0,0,0,12,0.48,0,0,0,0,0,1,0.04,1,194,1879,1,deathmetal,100,100,0,0,1,0,0,1,0,0,0,1,0,1,0,0,0,0,1,14,1,4,56,0,51,1
540991.txt,https://www.lighthouse-fotografie.de,35,www.lighthouse-fotografie.de,28,0,de,100,0.523809524,0.0326503,0.055271953,2,1,0,0,0,21,0.6,0,0,0,0,0,2,0.057,1,760,1198,1,lighthouse-fotografie,100,100,0,0,1,0,0,1,0,3,0,1,0,0,0,0,0,0,0,16,9,16,20,0,9,1
63176.txt,https://www.bitcliq.com,22,www.bitcliq.com,15,0,com,100,1,0.5229071,0.055202757,3,1,0,0,0,9,0.409,0,0,0,0,0,1,0.045,1,2258,18228,1,bitcliq,100,100,1,0,1,0,0,0,1,0,0,1,1,1,0,0,1,0,1,26,25,25,38,5,21,1
oph07214.txt,http://bafybeibkgor6o4si6frcggxpnkpmanvk77xarnbvnzv5orsjlmefg3yqhm.ipfs.dweb.link/,82,bafybeibkgor6o4si6frcggxpnkpmanvk77xarnbvnzv5orsjlmefg3yqhm.ipfs.dweb.link,74,0,link,11.05429754,0.260869565,0.0003306,0.03795834,4,2,0,0,0,64,0.78,7,0.085,0,0,0,4,0.049,0,9,91,1,bafybeibkgor6o4si6frcggxpnkpmanvk77xarnbvnzv5orsjlmefg3yqhmipfsdweb,0,0,0,0,0,0,0,0,0,0,0,0,0,0,0,0,0,0,0,0,0,0,0,0,0,0
8065252.txt,http://dorainsurance.com/auth.php?md=rougtfxanjhlhnskbpqm&rougtfxanjhlhnskbpqm,78,dorainsurance.com,17,0,com,20.11505654,1,0.5229071,0.046000025,3,0,0,0,0,65,0.833,0,0,1,1,0,4,0.077,0,11,86,1,dorainsuranceauthphp?md=rougtfxanjhlhnskbpqm&rougtfxanjhlhnskbpqm,0,0,0,0,0,0,0,0,0,0,0,0,0,0,0,0,0,0,0,0,0,0,0,0,0,0
222266.txt,https://www.nafdac.gov.ng,24,www.nafdac.gov.ng,17,0,ng,100,0.7,0.0003306,0.053747134,2,2,0,0,0,10,0.417,0,0,0,0,0,2,0.083,1,1153,6565,1,afdacgov,0,0,1,1,1,0,0,0,1,0,0,0,1,0,0,1,0,0,1,19,38,34,129,1,155,1
549474.txt,https://www.deroosschoenen.nl,28,www.deroosschoenen.nl,21,0,nl,100,1,0.0082003,0.069909646,2,1,0,0,0,15,0.536,0,0,0,0,0,1,0.036,1,1543,1914,1,deroosschoee,0,0,1,1,1,0,0,1,0,4,0,0,0,1,0,1,1,0,1,28,12,22,288,1,306,1
645618.txt,https://www.caminitospanishschool.com,36,www.caminitospanishschool.com,29,0,com,100,1,0.5229071,0.065006877,3,1,0,0,0,23,0.639,0,0,0,0,0,1,0.028,1,456,2001,1,caminitospanishschool,100,100,0,0,1,0,0,1,0,0,0,1,1,0,0,0,0,0,1,26,9,8,45,0,51,1
8066994.txt,https://objectstorage.eu-frankfurt-1.oraclecloud.com/n/frqb89kadgqt/b/56657483933/o/microsoftonline.htm,103,objectstorage.eu-frankfurt-1.oraclecloud.com,44,0,com,36.19529086,0.375,0.5229071,0.047731455,3,2,0,0,0,69,0.67,14,0.136,0,0,0,12,0.117,1,2,161,0,0,0,0,0,0,0,0,0,0,0,0,0,0,0,0,0,0,0,0,0,0,0,0,0,0,0,0
420374.txt,https://www.eggcreatives.com,27,www.eggcreatives.com,20,0,com,100,1,0.5229071,0.064404202,3,1,0,0,0,14,0.519,0,0,0,0,0,1,0.037,1,1689,2606,1,eggcreatives,100,100,1,1,1,0,0,0,0,0,0,1,0,0,0,0,0,0,0,75,20,42,0,0,238,1
mw10637.txt,http://www.multipoolminer.io,27,www.multipoolminer.io,21,0,io,94.73279508,1,0.0129268,0.061659393,2,1,0,0,0,15,0.556,0,0,0,0,0,1,0.037,0,2,36,0,0,0,0,0,0,0,0,0,0,0,0,0,0,0,0,0,0,0,0,0,0,0,0,0,0,0,0
567204.txt,https://www.lambmessianicmusic.com,33,www.lambmessianicmusic.com,26,0,com,100,1,0.5229071,0.063519765,3,1,0,0,0,20,0.606,0,0,0,0,0,1,0.03,1,815,847,1,lambmessianicmusic,100,100,0,0,1,0,0,1,0,0,0,1,0,0,0,0,0,0,1,43,3,5,0,9,1,1
8063891.txt,https://ennsttsqau.square.site/,31,ennsttsqau.square.site,22,0,site,62.09126842,0.647058824,0.0017656,0.056328329,4,1,0,0,0,20,0.645,0,0,0,0,0,3,0.097,1,68,80,1,ennsttsqausquare,0,0,0,0,0,0,0,0,0,0,0,0,0,0,0,0,0,0,0,0,0,0,0,0,1,0
508971.txt,https://www.interior.gob.cl,26,www.interior.gob.cl,19,0,cl,100,0.75,0.0012193,0.065131286,2,2,0,0,0,12,0.462,0,0,0,0,0,2,0.077,1,678,491,1,interiorgob,0,0,1,0,0,0,0,1,0,0,0,1,0,0,0,0,0,0,0,33,4,12,68,9,46,1
mw56594.txt,http://www.zelmao.ga,19,www.zelmao.ga,13,0,ga,64,1,0.0002256,0.05874421,2,1,0,0,0,7,0.368,0,0,0,0,0,1,0.053,0,20,207,1,zelmao,100,100,0,0,0,1,1,0,0,0,0,0,0,0,0,0,0,0,0,0,0,0,0,0,0,0
178041.txt,https://www.ernstings-family.de,30,www.ernstings-family.de,23,0,de,100,0.625,0.0326503,0.052029462,2,1,0,0,0,16,0.533,0,0,0,0,0,2,0.067,1,5028,664,1,ernstings-family,100,100,1,0,1,0,0,1,0,0,0,1,1,1,1,0,1,0,1,16,1,9,152,0,92,1
729592.txt,https://www.toa.jp,17,www.toa.jp,10,0,jp,100,1,0.0230451,0.061160171,2,1,0,0,0,4,0.235,0,0,0,0,0,1,0.059,1,408,1166,1,toa,100,100,0,0,1,0,0,1,0,0,0,0,0,1,0,0,0,0,1,16,9,12,79,1,3,1
oph08120.txt,http://1636365.com/assets/@popperjs.36402333.js/assets/@ctrl.fd318bfa.js/assets/@ctrl.b082b0c1.js/assets/@vueuse.7ab573ac.js/,125,1636365.com,11,0,com,6.940373998,1,0.5229071,0.039515114,3,0,0,0,0,69,0.552,27,0.216,0,0,0,22,0.176,0,86,266643,1,1636365assets@popperjs36402333jsassets@ctrlfd318bfajsassets@ctrlb082b0c1jsassets@vueuse7ab573acjs,0,0,1,0,1,0,0,0,0,0,0,0,0,0,0,1,0,0,0,0,4,63,67,0,1,0
640243.txt,https://www.primitivourbano.com.ar,33,www.primitivourbano.com.ar,26,0,ar,100,0.842105263,0.0020445,0.0622985,2,2,0,0,0,19,0.576,0,0,0,0,0,2,0.061,1,547,1032,1,primitivourbnocom,0,0,1,1,1,0,0,1,1,0,0,1,1,1,0,0,0,0,1,16,31,25,48,0,28,1
32911.txt,https://www.illinoislottery.com,30,www.illinoislottery.com,23,0,com,100,1,0.5229071,0.063938305,3,1,0,0,0,17,0.567,0,0,0,0,0,1,0.033,1,3035,591,1,illinoislottery,100,100,1,0,1,0,0,1,0,0,0,1,0,0,0,0,1,0,1,59,2,7,127,1,15,1
mw56250.txt,http://www.suxjweyfb.gq,22,www.suxjweyfb.gq,16,0,gq,43.48290598,1,0.000053,0.027663527,2,1,0,0,0,10,0.455,0,0,0,0,0,1,0.045,0,20,210,1,suxjweyfb,100,100,0,0,0,1,1,0,0,0,0,0,0,0,0,0,0,0,0,0,0,0,0,0,0,0
712351.txt,https://www.visus.uni-stuttgart.de,33,www.visus.uni-stuttgart.de,26,0,de,100,0.526315789,0.0326503,0.048874324,2,2,0,0,0,18,0.545,0,0,0,0,0,3,0.091,1,1391,1174,1,visusuni-stuttgart,0,0,1,1,1,0,0,1,0,0,0,1,1,0,0,0,0,0,1,38,6,9,120,1,132,1
mw78771.txt,http://www.rebelthumb.net,24,www.rebelthumb.net,18,0,net,72.24489796,1,0.0384199,0.054105023,3,1,0,0,0,12,0.5,0,0,0,0,0,1,0.042,0,15,155,1,rebelthumb,100,100,0,0,1,0,0,0,0,0,0,0,0,0,0,0,0,0,0,0,0,0,0,0,0,0
mw45832.txt,http://www.hujgsks.com,21,www.hujgsks.com,15,0,com,64.46280992,1,0.5229071,0.043561236,3,1,0,0,0,9,0.429,0,0,0,0,0,1,0.048,0,2,30,0,0,0,0,0,0,0,0,0,0,0,0,0,0,0,0,0,0,0,0,0,0,0,0,0,0,0,0
563988.txt,https://www.bojeux.com,21,www.bojeux.com,14,0,com,100,1,0.5229071,0.053894554,3,1,0,0,0,8,0.381,0,0,0,0,0,1,0.048,1,855,512,1,bojeux,100,100,1,0,1,0,0,1,0,0,0,0,1,0,0,0,1,0,1,38,6,13,1,3,6,1
8028978.txt,http://inviosped-titolare.com/,29,inviosped-titolare.com,22,0,com,58.42615882,0.555555556,0.5229071,0.064322265,3,0,0,0,0,20,0.69,0,0,0,0,0,2,0.069,0,3,60,0,0,0,0,0,0,0,1,0,0,0,0,0,0,0,0,0,0,0,0,0,0,0,0,0,0,0,0
113757.txt,https://www.fremont.k12.ca.us,28,www.fremont.k12.ca.us,21,0,us,100,0.714285714,0.0045585,0.049977512,2,3,0,0,0,11,0.393,2,0.071,0,0,0,3,0.107,1,22194,5809,1,fremontk12ca,0,0,0,0,1,1,0,0,1,73,0,1,1,0,1,0,1,0,1,89,68,359,355,0,141,1
7811659.txt,https://superrefund183798.firebaseapp.com/,41,superrefund183798.firebaseapp.com,33,0,com,61.02817598,0.620689655,0.5229071,0.045287256,3,1,0,0,0,25,0.61,6,0.146,0,0,0,2,0.049,1,4,520,1,superrefund183798firebaseapp,0,0,1,0,1,0,0,0,0,0,0,0,0,0,0,0,0,0,0,0,1,1,2,0,1,0
8068254.txt,http://www.amazon.co.jp.infotoop.shop/,38,www.amazon.co.jp.infotoop.shop,30,0,shop,47.9947403,0.428571429,0.0004041,0.060229722,4,4,0,0,0,22,0.579,0,0,0,0,0,5,0.132,0,11,89,1,amazoncojpinfotoop,0,0,0,0,0,0,0,0,0,0,0,0,0,0,0,0,0,0,0,0,0,0,1,0,1,0
mw16487.txt,http://www.fatura-sorgu.com,26,www.fatura-sorgu.com,20,0,com,68.61213235,0.583333333,0.5229071,0.060172743,3,1,0,0,0,13,0.5,0,0,0,0,0,2,0.077,0,9,42,1,fatura-sorgu,100,100,0,0,0,0,0,0,0,0,0,0,0,0,0,0,0,0,0,0,0,0,0,0,0,0
8027863.txt,https://bafybeifoddplyecsl2dh4zyar2ezujaxdo2lfwscy5gh2tsdvvquuqn5ia.ipfs.dweb.link/,82,bafybeifoddplyecsl2dh4zyar2ezujaxdo2lfwscy5gh2tsdvvquuqn5ia.ipfs.dweb.link,74,0,link,11.02118335,0.289855072,0.0003306,0.036491293,4,2,0,0,0,64,0.78,7,0.085,0,0,0,3,0.037,1,527,21423,1,bafybeifoddplyecsl2dh4zyar2ezujaxdo2lfwscy5gh2tsdvvquuqn5iaipfsdweb,0,0,0,0,0,1,0,0,0,2,0,0,1,0,1,0,1,0,0,1,1,6,0,0,1,0
687504.txt,https://www.affenknecht.com,26,www.affenknecht.com,19,0,com,100,1,0.5229071,0.057551087,3,1,0,0,0,13,0.5,0,0,0,0,0,1,0.038,1,1617,9458,1,affenknecht,100,100,0,1,1,0,0,1,1,0,0,1,1,0,1,0,0,0,1,66,9,12,24,19,239,1
172433.txt,https://www.qlife.org.au,23,www.qlife.org.au,16,0,au,100,0.666666667,0.0100856,0.054023521,2,2,0,0,0,9,0.391,0,0,0,0,0,2,0.087,1,1879,425,1,qlifeorg,0,0,1,0,1,0,0,1,0,0,0,1,0,0,0,0,1,0,1,34,1,9,42,0,24,1
7815226.txt,https://tiny.one/ing9488,23,tiny.one,8,0,one,52.94117647,1,0.0002052,0.045426804,3,0,0,0,0,10,0.435,3,0.13,0,0,0,2,0.087,1,13,155,1,tinying948,0,90.90909091,0,0,0,1,1,0,0,0,0,0,0,0,0,0,0,0,0,0,0,0,1,0,1,0
525046.txt,https://www.shopperpoints.co.uk,30,www.shopperpoints.co.uk,23,0,uk,100,0.875,0.028555,0.059334045,2,2,0,0,0,16,0.533,0,0,0,0,0,2,0.067,1,482,1780,1,shopperpointsco,0,0,0,1,0,0,0,1,0,0,0,1,1,0,0,1,0,0,1,27,8,12,69,0,72,1
75372.txt,https://www.toshiba.co.uk,24,www.toshiba.co.uk,17,0,uk,100,0.8,0.028555,0.061156292,2,2,0,0,0,10,0.417,0,0,0,0,0,2,0.083,1,934,1972,1,toshibaco,0,0,1,0,1,0,0,1,0,0,0,1,0,0,0,0,0,0,1,51,6,19,33,8,94,1
129376.txt,https://www.dermala.com,22,www.dermala.com,15,0,com,100,1,0.5229071,0.069404331,3,1,0,0,0,9,0.409,0,0,0,0,0,1,0.045,1,8241,32044,1,dermala,100,100,1,0,1,1,0,1,0,22,0,1,1,1,1,1,1,0,1,126,28,88,156,28,117,1
520897.txt,https://www.panitikan.com.ph,27,www.panitikan.com.ph,20,0,ph,100,0.769230769,0.0004928,0.058663387,2,2,0,0,0,13,0.481,0,0,0,0,0,2,0.074,1,688,4232,1,anitikancom,0,0,1,0,1,0,0,1,28,2,0,1,0,0,0,0,0,0,1,12,14,31,124,4,111,1
799111.txt,https://www.quiltfolk.com,24,www.quiltfolk.com,17,0,com,100,1,0.5229071,0.049616455,3,1,0,0,0,11,0.458,0,0,0,0,0,1,0.042,1,2263,6953,1,quiltfolk,100,100,0,1,1,0,0,1,0,1,1,1,1,1,1,0,1,0,1,28,56,52,149,2,156,1
7501987.txt,https://roundcube-updatealx.web.app/,35,roundcube-updatealx.web.app,27,0,app,38.64393494,0.434782609,0.001502,0.049872356,3,1,0,0,0,24,0.686,0,0,0,0,0,3,0.086,1,2,27588,1,roundcube-updatealxweb,0,0,0,0,1,0,0,0,0,0,0,0,0,0,0,0,0,0,1,0,1,1,0,0,1,0
8027820.txt,https://dev-sistemaitauenlinea.pantheonsite.io/,46,dev-sistemaitauenlinea.pantheonsite.io,38,0,io,57.4401591,0.542857143,0.0129268,0.06366226,2,1,0,0,0,35,0.761,0,0,0,0,0,3,0.065,1,141,161,1,dev-sistemaitauenlineapantheonsite,0,0,0,0,0,0,0,0,0,0,0,0,0,0,0,0,0,0,0,4,0,0,0,0,3,0
81928.txt,https://www.thebostoncalendar.com,32,www.thebostoncalendar.com,25,0,com,100,1,0.5229071,0.066187731,3,1,0,0,0,19,0.594,0,0,0,0,0,1,0.031,1,4471,880,1,thebostoncalendar,100,100,1,0,1,0,0,1,1,2,1,1,1,0,0,1,0,0,0,165,4,7,490,0,266,1
461914.txt,https://www.mckinley.com,23,www.mckinley.com,16,0,com,100,1,0.5229071,0.059257071,3,1,0,0,0,10,0.435,0,0,0,0,0,1,0.043,1,463,690,1,mckinley,100,100,0,1,1,0,0,0,0,1,0,1,1,1,0,0,0,0,1,21,1,8,16,0,11,1
48013.txt,https://www.wrapsnet.org,23,www.wrapsnet.org,16,0,org,100,1,0.0799628,0.060174109,3,1,0,0,0,10,0.435,0,0,0,0,0,1,0.043,1,554,1247,1,wrapsnet,100,100,1,0,1,0,0,1,0,0,0,1,0,0,0,0,0,0,1,98,3,5,16,32,30,1
432618.txt,https://www.peasholmpark.com,27,www.peasholmpark.com,20,0,com,100,1,0.5229071,0.060159092,3,1,0,0,0,14,0.519,0,0,0,0,0,1,0.037,1,436,1488,1,peasholmpark,100,100,1,1,1,0,0,1,0,0,0,1,1,0,0,0,0,0,1,10,12,16,35,0,9,1
74197.txt,https://www.pressreleasepoint.com,32,www.pressreleasepoint.com,25,0,com,100,1,0.5229071,0.067212795,3,1,0,0,0,19,0.594,0,0,0,0,0,1,0.031,1,1270,2931,1,pressreleasepoint,100,100,1,0,1,0,0,1,0,1,0,1,1,1,1,1,1,0,1,48,58,20,299,0,55,1
8087601.txt,https://business-confirm-appeal-ceac6.firebaseapp.com/,54,business-confirm-appeal-ceac6.firebaseapp.com,45,0,com,41.57380569,0.317073171,0.5229071,0.059421885,3,1,0,0,0,39,0.722,1,0.019,0,0,0,6,0.111,1,108,8125,1,business-confirm-appeal-ceac6firebaseapp,0,0,0,0,1,0,0,0,0,0,0,0,0,0,0,0,0,0,0,0,0,0,0,0,3,0
767747.txt,https://www.boortmalt.com,24,www.boortmalt.com,17,0,com,100,1,0.5229071,0.069192028,3,1,0,0,0,11,0.458,0,0,0,0,0,1,0.042,1,1293,6096,1,boortmalt,100,100,1,0,1,0,0,1,0,2,0,1,1,1,0,0,0,0,0,39,3,9,107,0,8,1
427364.txt,https://www.pwc.com.tr,21,www.pwc.com.tr,14,0,tr,100,0.571428571,0.0011882,0.057236381,2,2,0,0,0,7,0.333,0,0,0,0,0,2,0.095,1,3552,10641,1,pwccom,0,0,1,1,1,0,0,1,0,1,0,1,1,1,0,1,0,0,1,26,3,24,213,72,201,1
159867.txt,https://www.epicurean.com,24,www.epicurean.com,17,0,com,100,1,0.5229071,0.068037874,3,1,0,0,0,11,0.458,0,0,0,0,0,1,0.042,1,491,1437,1,epicurean,100,100,1,0,1,0,0,1,0,0,0,0,1,1,0,0,0,0,1,1,1,42,31,0,77,1
132686.txt,https://www.c7f.navy.mil,23,www.c7f.navy.mil,16,0,mil,100,0.75,0.0002984,0.041872184,3,2,0,0,0,8,0.348,1,0.043,0,0,0,2,0.087,1,1980,5326,1,c7fnavy,0,0,1,1,1,0,0,0,0,1,0,1,0,1,0,0,0,0,1,95,4,11,60,3,127,1
711754.txt,https://www.dagenshandel.se,26,www.dagenshandel.se,19,0,se,100,1,0.0040185,0.05567398,2,1,0,0,0,13,0.5,0,0,0,0,0,1,0.038,1,2996,41959,1,dagenhandel,0,0,1,0,0,1,0,1,2,4,0,1,1,0,0,0,1,0,0,58,12,21,129,9,113,1
8083066.txt,http://proximusannulationfacture.com,36,proximusannulationfacture.com,29,0,com,45.19223147,1,0.5229071,0.060050372,3,0,0,0,0,28,0.778,0,0,0,0,0,1,0.028,0,9,112,1,proximusannulationfacture,100,100,0,0,0,0,0,0,0,0,0,0,0,0,0,0,0,0,0,0,0,0,1,0,1,0
8085380.txt,http://43.134.167.94/servicelogin?passive=1209600&amp;continue=https://accounts.google.com/?&amp;xrealip=107.178.232.242&amp;followup=https://accounts.google.com/?&amp;xrealip=107.178.232.242,191,43.134.167.94,13,1,94,4.813394786,0.4,0,0.042737399,2,2,0,0,0,95,0.497,41,0.215,5,3,0,24,0.168,1,2,199,0,0,0,0.617283951,0,0,0,0,0,0,0,0,0,0,0,0,0,0,0,0,0,0,0,0,0,0,0,0
7731160.txt,https://docs.google.com/forms/d/1casphevkfdaz2okqj70wdai3pdwwg1weh_rpk9v0z3a/viewform,84,docs.google.com,15,0,com,19.88271469,0.636363636,0.5229071,0.040477146,3,1,0,0,0,60,0.714,9,0.107,0,0,0,7,0.083,1,11,142,1,docsgoogleformsd1casphevkfdaz2okqj70wdai3pdwwg1weh_rpk9v0z3aviewfor,0,0,0,0,0,0,0,0,0,0,0,0,0,0,0,0,0,0,0,0,0,0,1,0,1,0
107529.txt,https://www.enterprisesg.gov.sg,30,www.enterprisesg.gov.sg,23,0,sg,100,0.8125,0.0008953,0.058147451,2,2,0,0,0,16,0.533,0,0,0,0,0,2,0.067,1,2198,2201,1,enterprieggov,0,0,1,0,1,0,0,1,0,1,0,1,1,1,0,0,0,0,1,17,2,17,143,3,21,1
713283.txt,https://www.grantpud.org,23,www.grantpud.org,16,0,org,100,1,0.0799628,0.053596356,3,1,0,0,0,10,0.435,0,0,0,0,0,1,0.043,1,1167,4261,1,grantpud,100,100,0,0,1,0,0,1,0,5,0,1,1,1,0,0,1,0,1,14,26,38,59,19,19,1
765270.txt,https://www.military-aerospace-technology.com,44,www.military-aerospace-technology.com,37,0,com,100,0.379310345,0.5229071,0.064376462,3,1,0,0,0,29,0.659,0,0,0,0,0,3,0.068,1,371,435,1,military-aerospace-technology,100,100,0,0,0,0,0,1,0,2,0,0,0,0,0,0,0,0,1,12,2,5,41,0,17,1
161293.txt,https://www.cleancss.com,23,www.cleancss.com,16,0,com,100,1,0.5229071,0.07036037,3,1,0,0,0,10,0.435,0,0,0,0,0,1,0.043,1,998,1587,1,cleancss,100,100,1,0,1,1,0,1,0,0,0,0,1,1,1,0,0,0,1,0,7,9,83,8,99,1
22411.txt,https://www.computerwoche.de,27,www.computerwoche.de,20,0,de,100,1,0.0326503,0.059291061,2,1,0,0,0,14,0.519,0,0,0,0,0,1,0.037,1,4293,1336,1,computerwoche,100,100,1,0,0,0,0,0,1,2,1,1,1,1,0,1,1,1,1,86,4,18,372,8,68,1
153717.txt,https://www.stlbouncehouse.com,29,www.stlbouncehouse.com,22,0,com,100,1,0.5229071,0.063062086,3,1,0,0,0,16,0.552,0,0,0,0,0,1,0.034,1,1780,1296,1,stlbouncehouse,100,100,1,0,1,1,0,1,0,0,0,1,0,1,0,1,1,0,1,54,15,34,78,8,33,1
534647.txt,https://www.decohuso.com,23,www.decohuso.com,16,0,com,100,1,0.5229071,0.068381009,3,1,0,0,0,10,0.435,0,0,0,0,0,1,0.043,1,2901,3983,1,dehuso,0,0,1,0,1,0,0,1,0,19,0,1,1,1,1,1,1,0,1,30,2,19,76,0,27,1
490950.txt,https://www.unboxed.co,21,www.unboxed.co,14,0,co,100,1,0.0059772,0.051351613,2,1,0,0,0,8,0.381,0,0,0,0,0,1,0.048,1,714,880,1,unboxed,100,100,1,0,1,0,0,1,0,0,0,1,0,0,0,0,0,0,0,31,2,7,24,0,10,1
405733.txt,https://www.hockinghills.com,27,www.hockinghills.com,20,0,com,100,1,0.5229071,0.054843623,3,1,0,0,0,14,0.519,0,0,0,0,0,1,0.037,1,1351,2296,1,hockinghills,100,100,1,1,1,0,0,1,1,2,0,1,0,0,0,0,0,0,1,52,5,8,137,3,31,1
8018805.txt,https://nowgamesentergo.com/gala/index.php?userid=&a=vluxe6wpwmhaqkvucany77j9xsqx8ajvtfuwsdhtkga=,96,nowgamesentergo.com,19,0,com,13.71992874,1,0.5229071,0.042853914,3,0,0,0,0,75,0.781,5,0.052,2,1,0,5,0.083,1,375,20724,1,nowgamesentergogalaindexphp?userid=&a=vluxe6wpwmhaqkvucany77j9xsqx8ajvtfuwsdhtkga,0,0,0,0,1,0,0,0,0,0,0,0,0,0,0,0,0,0,0,10,0,1,1,0,3,0
mw65866.txt,http://www.lkj.welco.live,24,www.lkj.welco.live,18,0,live,48.84353741,0.666666667,0.0003718,0.045465472,4,2,0,0,0,11,0.458,0,0,0,0,0,2,0.083,0,8,41,1,lkjwelco,0,0,0,0,0,0,0,0,0,0,0,0,0,0,0,0,0,0,0,0,0,0,0,0,0,0
782595.txt,https://www.prophecyfilm.com,27,www.prophecyfilm.com,20,0,com,100,1,0.5229071,0.055144098,3,1,0,0,0,14,0.519,0,0,0,0,0,1,0.037,1,1590,2195,1,prophecyfilm,100,100,1,0,0,0,0,1,0,0,0,0,1,1,0,0,1,0,1,65,3,5,104,0,490,1
8032402.txt,https://vistory.com/wordpress/wp-content/plugins/f30d43ea1d474f2cbb0d9e5611b16702/y/mm/mmd/sbbch/7wa-taboun/,107,vistory.com,11,0,com,11.30864198,1,0.5229071,0.039145623,3,0,0,0,0,66,0.617,21,0.196,0,0,0,12,0.112,1,121,132,1,vistorywordpresswp-contentpluginsf30d43ea1d474f2cbb0d9e5611b16702ymmmmdsbbch7wa-taboun,0,100,0,0,1,0,0,0,0,0,0,0,0,0,0,0,0,0,0,0,0,0,0,0,0,0
mw9547.txt,http://www.dcpan.blocktrail.com,30,www.dcpan.blocktrail.com,24,0,com,58.9047619,0.6875,0.5229071,0.05905483,3,2,0,0,0,17,0.567,0,0,0,0,0,2,0.067,0,16,93,1,dcpanblocktrail,0,0,0,0,0,0,0,0,0,0,0,0,0,0,0,0,0,0,0,0,0,0,0,0,0,0
107038.txt,https://www.repstl.org,21,www.repstl.org,14,0,org,100,1,0.0799628,0.061830343,3,1,0,0,0,8,0.381,0,0,0,0,0,1,0.048,1,1146,14603,1,repstl,100,100,1,0,1,0,0,1,0,2,0,1,1,1,0,0,0,0,1,40,4,11,46,0,60,1
727059.txt,https://www.downtowndayton.org,29,www.downtowndayton.org,22,0,org,100,1,0.0799628,0.058226365,3,1,0,0,0,16,0.552,0,0,0,0,0,1,0.034,1,1187,25571,1,downtowndayton,100,100,0,1,1,0,0,1,0,6,0,1,1,1,0,0,1,0,0,20,48,48,229,6,267,1
129424.txt,https://www.webyeshiva.org,25,www.webyeshiva.org,18,0,org,100,1,0.0799628,0.052166252,3,1,0,0,0,12,0.48,0,0,0,0,0,1,0.04,1,1351,8047,1,webyeshiva,100,100,0,1,1,1,0,1,0,1,0,1,1,1,1,0,1,0,1,50,13,27,83,4,95,1
mw41235.txt,http://www.exp-api.beeppool.org,30,www.exp-api.beeppool.org,24,0,org,44.88095238,0.5625,0.0799628,0.059492221,3,2,0,0,0,16,0.533,0,0,0,0,0,3,0.1,0,2,39,0,0,0,0,0,0,0,0,0,0,0,0,0,0,0,0,0,0,0,0,0,0,0,0,0,0,0,0
mw5jan1044.txt,http://www.frissoncourier.com,28,www.frissoncourier.com,22,0,com,61.46848603,1,0.5229071,0.066914384,3,1,0,0,0,16,0.571,0,0,0,0,0,1,0.036,0,2,40,0,0,0,0,0,0,0,0,0,0,0,0,0,0,0,0,0,0,0,0,0,0,0,0,0,0,0,0
538429.txt,https://www.asapcreditrepairusa.com,34,www.asapcreditrepairusa.com,27,0,com,100,1,0.5229071,0.06401339,3,1,0,0,0,21,0.618,0,0,0,0,0,1,0.029,1,1203,855,1,asapcreditrepairusa,100,100,1,1,1,0,0,1,0,0,0,1,1,0,0,0,1,0,1,17,7,10,2,1,57,1
8009805.txt,https://sas-3fa.web.app/,23,sas-3fa.web.app,15,0,app,59.11111111,0.454545455,0.001502,0.045401671,3,1,0,0,0,11,0.478,1,0.043,0,0,0,3,0.13,1,108,8125,1,sas-3faweb,0,0,0,0,1,0,0,0,0,0,0,0,0,0,0,0,0,0,0,0,0,0,0,0,3,0
mw76958.txt,http://www.desentupidorasuperhidro.com,37,www.desentupidorasuperhidro.com,31,0,com,64.27240143,1,0.5229071,0.059791133,3,1,0,0,0,25,0.676,0,0,0,0,0,1,0.027,0,64,151,1,desentupidorasuperhidro,100,100,0,1,1,0,0,1,0,0,0,0,0,0,0,0,0,0,0,0,2,8,3,0,1,0
113258.txt,https://www.cfodive.com,22,www.cfodive.com,15,0,com,100,1,0.5229071,0.062118116,3,1,0,0,0,9,0.409,0,0,0,0,0,1,0.045,1,5575,57206,1,cfodive,100,100,1,0,1,0,0,1,0,6,0,1,1,1,0,1,1,1,1,158,3,34,144,1,31,1
601460.txt,https://www.feistylifemedia.com,30,www.feistylifemedia.com,23,0,com,100,1,0.5229071,0.059040025,3,1,0,0,0,17,0.567,0,0,0,0,0,1,0.033,1,877,13401,1,feistylifemedia,100,100,0,1,1,0,0,1,0,0,1,1,1,0,0,0,0,0,1,40,17,25,61,1,76,1
8063099.txt,https://shop.woodfermliving.com/s/g4y9,38,shop.woodfermliving.com,23,0,com,57.47670251,0.789473684,0.5229071,0.049345127,3,1,0,0,0,24,0.632,2,0.053,0,0,0,4,0.105,1,124,111,0,0,0,0,0,0,0,0,0,0,0,0,0,0,0,0,0,0,0,0,0,0,0,0,0,0,0,0
83938.txt,https://www.universalpictures.co.uk,34,www.universalpictures.co.uk,27,0,uk,100,0.9,0.028555,0.057880639,2,2,0,0,0,20,0.588,0,0,0,0,0,2,0.059,1,963,1071,1,niversalpictresco,0,0,1,0,1,0,0,0,1,7,0,1,0,0,0,1,1,0,1,3,2,26,14,10,40,1
533008.txt,https://www.mydorchester.org,27,www.mydorchester.org,20,0,org,100,1,0.0799628,0.063066648,3,1,0,0,0,14,0.519,0,0,0,0,0,1,0.037,1,536,987,1,mydchester,0,0,1,0,0,0,0,0,0,1,0,1,1,1,1,0,0,0,1,12,37,23,71,0,26,1
227726.txt,https://www.cmpe.boun.edu.tr,27,www.cmpe.boun.edu.tr,20,0,tr,100,0.384615385,0.0011882,0.055857145,2,3,0,0,0,12,0.444,0,0,0,0,0,3,0.111,1,1776,11709,1,cmpebounedu,0,0,0,0,1,0,0,1,0,0,0,1,1,1,1,0,0,0,1,111,68,9,231,1,121,1
8058178.txt,https://attmailbservice.weebly.com/,35,attmailbservice.weebly.com,26,0,com,53.49550734,0.727272727,0.5229071,0.058908321,3,1,0,0,0,24,0.686,0,0,0,0,0,3,0.086,1,129,368,1,attmailbserviceweebly,0,0,0,1,1,0,0,0,0,0,0,0,0,0,0,0,0,0,0,1,0,1,3,0,0,0
5214.txt,https://www.lapresse.ca,22,www.lapresse.ca,15,0,ca,100,1,0.0101825,0.063844758,2,1,0,0,0,9,0.409,0,0,0,0,0,1,0.045,1,12700,3214,1,lapresse,100,100,1,0,1,0,0,1,0,0,0,1,1,0,0,0,1,0,1,295,4,18,605,6,493,1
8033699.txt,https://www.info-saiisosn-cards.txjmxfa.cn/web/sign,50,www.info-saiisosn-cards.txjmxfa.cn,34,0,cn,29.70381419,0.333333333,0.0033218,0.053185056,2,2,0,0,0,32,0.64,0,0,0,0,0,6,0.12,1,2,59,0,0,0,0,0,0,0,0,0,0,0,0,0,0,0,0,0,0,0,0,0,0,0,0,0,0,0,0
825116.txt,https://www.duetorribologna.com,30,www.duetorribologna.com,23,0,com,100,1,0.5229071,0.065263375,3,1,0,0,0,17,0.567,0,0,0,0,0,1,0.033,1,349,652,1,duetorribologna,100,100,1,0,1,0,0,1,0,0,0,1,0,0,0,0,0,0,1,10,4,16,22,1,26,1
mw77925.txt,http://www.clinicafresa20.com,28,www.clinicafresa20.com,22,0,com,73.29434698,1,0.5229071,0.05854029,3,1,0,0,0,14,0.5,2,0.071,0,0,0,1,0.036,0,9,50,1,clinicafresa20,100,100,0,0,0,0,0,0,0,0,0,0,0,0,0,0,0,0,0,0,0,0,0,0,0,0
126047.txt,https://www.spr.ac.uk,20,www.spr.ac.uk,13,0,uk,100,0.666666667,0.028555,0.054814844,2,2,0,0,0,6,0.3,0,0,0,0,0,2,0.1,1,871,7993,1,sprac,0,0,1,0,1,0,0,0,0,1,0,1,1,1,0,0,1,0,1,3,22,19,112,10,38,1
34053.txt,https://www.justuno.com,22,www.justuno.com,15,0,com,100,1,0.5229071,0.057249936,3,1,0,0,0,9,0.409,0,0,0,0,0,1,0.045,1,1089,8754,1,justuno,100,100,1,1,1,0,0,1,0,2,0,1,1,0,0,0,0,0,1,32,5,3,155,11,146,1
75072.txt,https://www.youcubed.org,23,www.youcubed.org,16,0,org,100,1,0.0799628,0.05594876,3,1,0,0,0,10,0.435,0,0,0,0,0,1,0.043,1,798,9381,1,youcubed,100,100,1,1,0,1,0,1,0,0,0,1,1,0,0,0,0,0,1,15,6,12,156,14,190,1
8001182.txt,http://metmask-wallet-io.godaddysites.com,40,metmask-wallet-io.godaddysites.com,34,0,com,54.89866535,0.433333333,0.5229071,0.059312231,3,1,0,0,0,29,0.725,0,0,0,0,0,4,0.1,0,2,49,0,0,0,0,0,0,0,0,0,0,0,0,0,0,0,0,0,1,0,0,0,0,0,0,0,0,0,0
826206.txt,https://www.paulspeer.com,24,www.paulspeer.com,17,0,com,100,1,0.5229071,0.061654249,3,1,0,0,0,11,0.458,0,0,0,0,0,1,0.042,1,799,3448,1,paulspeer,100,100,0,0,1,0,0,1,0,0,0,1,1,1,0,0,0,0,0,18,4,3,12,0,11,1
149771.txt,https://www.matthieuricard.org,29,www.matthieuricard.org,22,0,org,100,1,0.0799628,0.062395706,3,1,0,0,0,16,0.552,0,0,0,0,0,1,0.034,1,589,694,1,matthieuricard,100,100,1,0,1,0,0,0,0,0,0,1,1,1,0,0,1,0,1,30,1,6,67,1,29,1
8003359.txt,https://dfss-40827.firebaseapp.com/,34,dfss-40827.firebaseapp.com,26,0,com,63.90532544,0.772727273,0.5229071,0.043906136,3,1,0,0,0,18,0.529,5,0.147,0,0,0,3,0.088,1,108,8125,1,dfss-40827firebaseapp,0,0,0,0,1,0,0,0,0,0,0,0,0,0,0,0,0,0,0,0,0,0,0,0,3,0
7816074.txt,http://sync-rectificationerrors.org,34,sync-rectificationerrors.org,28,0,org,50.61576355,0.833333333,0.0799628,0.066055551,3,0,0,0,0,25,0.735,0,0,0,0,0,2,0.059,0,9,87,1,sync-rectificationerrs,0,0,0,0,0,0,0,0,0,0,0,0,0,0,0,0,0,0,0,0,0,0,1,0,1,0
7998517.txt,http://chieuphan-bdshotram.com/webs/,35,chieuphan-bdshotram.com,23,0,com,43.52568614,0.526315789,0.5229071,0.055207548,3,0,0,0,0,25,0.714,0,0,0,0,0,3,0.086,0,29,85,0,0,0,0,0,0,0,1,0,0,0,0,0,0,0,0,0,0,0,0,0,0,0,0,0,0,1,0
880180.txt,https://www.preciousseed.org,27,www.preciousseed.org,20,0,org,100,1,0.0799628,0.066565003,3,1,0,0,0,14,0.519,0,0,0,0,0,1,0.037,1,3137,9381,1,preciousseed,100,100,0,1,1,0,0,1,0,1,1,1,1,1,0,0,0,0,1,26,63,56,156,12,133,1
605891.txt,https://www.nacwa.org,20,www.nacwa.org,13,0,org,100,1,0.0799628,0.066972286,3,1,0,0,0,7,0.35,0,0,0,0,0,1,0.05,1,1616,1638,1,nacwa,100,100,0,0,1,0,0,1,0,0,0,1,0,1,0,0,1,0,1,12,2,4,200,1,35,1
